name,romanize name,School-Department,University,Rank,Apella_id,Scholar name,Scholar id
 Yannis Aloimonos, Yannis Aloimonos, Computer Science,University of Maryland,Καθηγητής,1297,Aloimonos,7QmEsOwAAAAJ
Grigorios Antoniou,Grigorios Antoniou,Computing and Engineering,University of Huddersfield,Καθηγητής,3297,Grigoris Antoniou,IzsVWfEAAAAJ
Paris Avgeriou,Paris Avgeriou,Johann Bernoulli Institute for Mathematics and Computer Science,University of Groningen,Καθηγητής,6029,Paris Avgeriou,OlYdiYMAAAAJ
George Bebis,George Bebis, Computer Science and Engineering,University of Nevada,Καθηγητής,2504,George Bebis,-uRoVEUAAAAJ
Konstantinos Danas,Konstantinos Danas,Computer Science & Mathematics,"Kingston University, London",Καθηγητής,11148,Kostas (Konstantinos) Danas,0I7D4_AAAAAJ
Ioannis Dimitriadis,Ioannis Dimitriadis,School of Telecommunications Engineering,"University of Valladolid, Spain",Καθηγητής,1291,Yannis Dimitriadis,H2UM46MAAAAJ
Petros Drineas,Petros Drineas,Computer Science,Rensselaer Polytechnic Institute,Αναπληρωτής Καθηγητής,6835,Petros Drineas,Yw2PquQAAAAJ
Theodoros Evgeniou,Theodoros Evgeniou, Decision Sciences and Technology Management,Insead,Καθηγητής,7818,Theodoros Evgeniou,GEbzNGIAAAAJ
Dimitri  Ioannou,Dimitri  Ioannou,ECE ,"George Mason University, VA, USA",Καθηγητής,5548,Dimitris Ioannou,MP4yuEAAAAAJ
Ioannis Kakadiaris,Ioannis Kakadiaris,Computational Biomedicine Lab.,University of Houston,Καθηγητής,104,Ioannis A. Kakadiaris,36SCzI0AAAAJ
Antonis Kakas,Antonis Kakas,Πληροφορικής,University of Cyprus,Καθηγητής,1421,Antonis Kakas,PrU4wEsAAAAJ
Bill Kapralos,Bill Kapralos,Business and Information Technology ,University of Ontario Institute of Technology,Καθηγητής,1070,Bill Kapralos,Gud0RdcAAAAJ
Dimitris Karagiannis,Dimitris Karagiannis,Computer Science,University of Vienna,Καθηγητής,5128,Unknown,Unknown
George Karakostas,George Karakostas, Computing & Software,McMaster University,Αναπληρωτής Καθηγητής,6849,George Karakostas,qaT9cxAAAAAJ
Vasilios Katos,Vasilios Katos,Computing & Informatics,Bournemouth College,Καθηγητής,949,Vasilios Katos,MkuiHIAAAAAJ
Lydia Kavraki,Lydia Kavraki,"Electrical Engineering, Bioengineering and Mechanical Engineering",Rice University Huston,Καθηγητής,10716,Lydia E. Kavraki,Q6pxNZYAAAAJ
Vassilis Kostakos,Vassilis Kostakos,School of Computing and Information Systems,University of Melbourne,Καθηγητής,2668,Vassilis Kostakos,JnWGV4kAAAAJ
Panos Linos,Panos Linos,Computer Science and Software Engineering,Butler University,Καθηγητής,488,Panagiotis K. Linos,mYFmkiEAAAAJ
Pericles Loucopoulos,Pericles Loucopoulos,Business School,University of Manchester,Καθηγητής,851,Pericles Loucopoulos,dPPT_pAAAAAJ
Spiros Mancoridis,Spiros Mancoridis,Computer Science,Drexel University,Καθηγητής,5271,Spiros Mancoridis,bKGwUrQAAAAJ
Athanasios Manikas,Athanasios Manikas,Electrical and Electronic Engineering,Imperial College,Professor,6500,athanassios manikas,294QJkAAAAAJ
Andreas Moshovos,Andreas Moshovos, Electrical and Computer Engineering,University of Toronto,Καθηγητής,7924,Andreas Moshovos,D2VLt-8AAAAJ
Themis Palpanas,Themis Palpanas,Computer Science,Paris Descartes University,Καθηγητής,10115,Themis Palpanas,qUBdmWgAAAAJ
 Thrasyvoulos Pappas, Thrasyvoulos Pappas, Electrical Engineering and Computer Science,Northwestern University,Καθηγητής,1911,Thrasyvoulos Pappas,FdtIIgkAAAAJ
 Konstantinos Plataniotis, Konstantinos Plataniotis, Electrical and Computer Engineering,University of Toronto,Καθηγητής,9137,Konstantinos N Plataniotis,W-4N_2gAAAAJ
Panayiota Poirazi,Panayiota Poirazi,Ινστιτούτο Μοριακής Βιολογίας και Βιοτεχνολογίας,ITE,Διευθυντής Ερευνών,18797,Panayiota Poirazi,7IidNJMAAAAJ
Dimitra  Simeonidou,Dimitra  Simeonidou,f Electrical & Electronic Engineering,University of Bristol,Καθηγητής,5462,"Dimitra Simeonidou FREng, FIEEE",DppopzYAAAAJ
Tania Stathaki,Tania Stathaki,Electrical and Electronic Engineering,Imperial College,Αναπληρωτής Καθηγητής,5624,Tania Stathaki,sAB5gI8AAAAJ
Katia Sycara,Katia Sycara,Computer Science,Carnegie Mellon University,Καθηγητής,9864,Katia Sycara,VWv6a9kAAAAJ
 John Tsotsos, John Tsotsos,Electrical Engineering and Computer Science,York University,Καθηγητής,9059,John K. Tsotsos,Ic6ZXhUAAAAJ
Nicolas Vayatis,Nicolas Vayatis,"
Mathematics Research Teaching ",ENS Cachan / CMLA,Καθηγητής,2897,Nicolas Vayatis,IsPkE1wAAAAJ
Charalambos Vrasidas,Charalambos Vrasidas,School of Education,"Cardet - University of Nicosia, Cyprus",Καθηγητής,3266,Charalambos Vrasidas,bcAshfkAAAAJ
George Zouridakis,George Zouridakis,Engineering Technology,University of Houston,Καθηγητής,10132,George Zouridakis,1tQZV14AAAAJ
Νικόλαος Αβούρης,Nikolaos Avouris,Ηλεκτρολόγων Μηχανικών & Τεχνολογίας Υπολογιστών,upatras,Καθηγητής,17657,Nikolaos Avouris,FwuKA4UAAAAJ
Ηρακλής  Αβραμόπουλος,Iraklis  Avramopoulos,Ηλεκτρολόγων Μηχ & Μηχ Υπολογιστών,ntua,Καθηγητής,17892,Hercules Avramopoulos,hf2txgMAAAAJ
Χαρούλα Αγγέλη,Charoula Angeli, Education,ucy,Καθηγητής,1884,Charoula Angeli,3eOMkcUAAAAJ
Παντελής Αγγελίδης,Pantelis Angelidis,Μηχανικών Πληροφορικής & Τηλεπικοινωνιών,uowm,Καθηγητής,19621,Pantelis Angelidis,a_6ka4oAAAAJ
Κωνσταντινος Μαριος Αγγελοπουλος,Konstantinos Marios Angelopoulos,"
 Computing & Informatics",Bournemouth University,Επίκουρος Καθηγητής (Μόνιμος),20799,Constantinos Marios Angelopoulos,iQr8D8UAAAAJ
Κων/νος Αϊδίνης ,Kon/nos Aidinis ,Φυσικής,uoa,Αναπληρωτής Καθηγητής,132,Unknown,Unknown
Παναγιώτης Αλεβίζος,Panagiotis Alevizos,Μαθηματικών,upatras,Αναπληρωτής Καθηγητής,23939,Panagiotis D. Alevizos,i6uX5zUAAAAJ
Γεώργιος Αλεξίου ,Georgios Alexiou ,Μηχ. Η/Υ & Πληροφορικής ,Παν/μιο Πατρών,Καθηγητής,17242,George P. Alexiou,OvSCQqoAAAAJ
Αντώνιος Αλετράς,Antonios Aletras,Ιατρικής,auth,Καθηγητής,19178,Anthony H. Aletras,1O0vvE0AAAAJ
Ιωάννης Αναγνωστόπουλος,Ioannis Anagnostopoulos,Πληροφορικής με Εφαρμογές στη Βιοϊατρική ,uth,Καθηγητής,13705,Ioannis Anagnostopoulos,9UBJ4QEAAAAJ
Μιλτιάδης  Αναγνώστου,Miltiadis  Anagnostou,Ηλεκτρολόγων Μηχ & Μηχ Υπολογιστών,ntua,Καθηγητής,19482,Miltiades E. Anagnostou,pvThzK0AAAAJ
Βασίλειος Αναστασόπουλος,Vasileios Anastasopoulos,Φυσικής,upatras,Καθηγητής,17596,Vassilis Anastassopoulos,BycshrUAAAAJ
Ιωάννης Ανδρεάδης ,Ioannis Andreadis ,Ηλεκτρολόγων Μηχ & Μηχ Υπολογιστών,duth,Καθηγητής,6006,Ioannis Andreadis,3wMEVMMAAAAJ
Ανδρέας Ανδρέου,Andreas Andreou,Τμήμα Ηλεκτρολόγων Μηχανικών και Τεχνολογιών Πληροφορικής,cut, Καθηγητής,9921,Andreas Andreou,CqlJG_IAAAAJ
Μαργκερίτα Αντόνα,Margkerita Antona,Ινστιτούτο Πληροφορικής,forth,Κύριος Ερευνητής,19203,Margherita Antona,BSrpFJgAAAAJ
Ιωάννης Αντωνίου,Ioannis Antoniou,Μαθηματικών,auth,Καθηγητής,7651,Ioannis E. Antoniou,UMPx3MAAAAAJ
Χρήστος Αντωνόπουλος,Christos Antonopoulos,Ηλεκτρολόγων Μηχανικών & Μηχανικών Υπολογιστών,auth,Καθηγητής,18399,Unknown,Unknown
Θεόδωρος  Αποστολόπουλος,Theodoros  Apostolopoulos,Πληροφορικής,aueb,Καθηγητής,19284,Theodore Apostolopoulos,WTg8mXoAAAAJ
Αντώνιος Αργυρός ,Antonios Argyros ,Επιστήμης Υπολογιστών,uoc,Καθηγητής,18605,Antonis Argyros,9OieklkAAAAJ
Δημήτριος Αχλιόπτας,Dimitrios Achlioptas,Πληροφορικής και Επικοινωνιών,uoa,Καθηγητής,19967,Dimitris Achlioptas,GBQ6w8IAAAAJ
Μιχαήλ Βαζιργιάννης,Michail Vazirgiannis,Πληροφορικής,aueb,Καθηγητής,3631,Michalis Vazirgiannis,aWGJYcMAAAAJ
Εμμανουήλ  Βαρβαρίγος,Emmanouil  Varvarigos,Ηλεκτρολόγων Μηχανικών & Μηχανικών Υπολογιστών,ntua,Καθηγητής,19579,Emmanouel (Manos) Varvarigos,vqtH65oAAAAJ
Θεοδώρα Βαρβαρίγου,Theodora Varvarigou,Σχολή Ηλεκτρολόγων Μηχ. & Μηχ . Υπολογιστών,ntua,Καθηγητής,1699,Theodora Varvarigou,kueSeb4AAAAJ
Ηρακλής Βαρλάμης,Iraklis Varlamis,Πληροφορικής &Τηλεματικής,hua,Αναπληρωτής Καθηγητής,21827,Iraklis Varlamis,SUyTkTAAAAAJ
Δημήτριος Βάρσος,Dimitrios Varsos,Μαθηματικών,uoa,Καθηγητής,4679,Unknown,Unknown
Μιχαήλ Βασιλακόπουλος,Michail Vasilakopoulos,Ηλεκτρολόγων Μηχανικών & Μηχανικών Υπολογιστών,uth,Αναπληρωτής Καθηγητής,19189,Michael Vassilakopoulos,A1mijQ8AAAAJ
Γεώργιος Βασιλακόπουλος,Georgios Vasilakopoulos,Ψηφιακών Συστημάτων,unipi,Καθηγητής,6676,George Vassilacopoulos,q8_VODcAAAAJ
Παναγιώτης Βασιλειάδης,Panagiotis Vasileiadis,Μηχ Ηλεκτρονικών Υπολογιστών και Πληροφορικής,uoi,Καθηγητής,10082,Panos Vassiliadis,B_Zd1P8AAAAJ
Βασίλειος Βασσάλος,Vasileios Vassalos,Πληροφορικής,aueb,Καθηγητής,19804,Vasilis Vassalos,oaM-d7QAAAAJ
Ανδρέας Βενέρης,Andreas Veneris,ECE ,"University of Toronto, Canada",Καθηγητής,7637,Andreas Veneris,ItQhxCkAAAAJ
Ιάκωβος  Βενιέρης,Iakovos  Venieris,Ηλεκτρολόγων Μηχ & Μηχ Υπολογιστών,ntua,Καθηγητής,18531,Iakovos S. Venieris,Q0ylKvEAAAAJ
Δημητριος  Βέργαδος,Dimitrios  Vergados,Πληροφορικής ,unipi, Καθηγητής,4514,Dimitrios D. Vergados,bP0fRIEAAAAJ
Χαρίδημος  Βέργος,Charidimos  Vergos,Μηχ. Η/Υ & Πληροφορικής ,upatras,Καθηγητής,18796,Haridimos T. Vergos,dYOrcUIAAAAJ
Βασίλειος Βερύκιος,Vasileios Verykios,θετικών Επιστημων και Τεχνολογίας,eap,Καθηγητής,17293,Vassilios Verykios,Md2HV1cAAAAJ
Μαρία  Βίρβου,Maria  Virvou,Πληροφορικής,unipi,Καθηγητής,8347,Maria Virvou,Ce6s_FoAAAAJ
Θεόδωρος Βλάχος,Theodoros Vlachos,Τεχνών Ήχου και Εικόνας,ionio,Αναπληρωτής Καθηγητής,988,Unknown,Unknown
Κυριάκος Βλάχος,Kyriakos Vlachos,Μηχανικών Ηλεκτρονικών Υπολογιστών & Πληροφορικής,upatras,Αναπληρωτής Καθηγητής,17723,Kyriakos Vlachos,dwzqmcQAAAAJ
Σπυρίδων Βοσινάκης,Spyridon Vosinakis,Μηχανικών Σχεδίασης Προϊόντων και Συστημάτων,aegean,Αναπληρωτής Καθηγητής,4839,Spyros Vosinakis,KjA46lQAAAAJ
Δημοσθενης Βουγιουκας ,Dimosthenis Vougioukas ,Μηχανικων  Πληροφοριακων Και Επικοινωνιακων Συστηματων,aegean,Καθηγητής,19519,Demosthenes Vouyioukas,iYvovHEAAAAJ
Γεώργιος Βούρος,Georgios Vouros,Ψηφιακών Συστημάτων,unipi,Καθηγητής,9884,George Vouros,PBX9aQUAAAAJ
Μιχαήλ Βραχάτης,Michail Vrachatis,Μαθηματικών,upatras,Καθηγητής,17224,Michael N. Vrahatis   (Greek: Μιχαήλ Ν. Βραχάτης),3mQhqcsAAAAJ
Δαμιανός Γαβαλάς,Damianos Gavalas,Μηχανικών Σχεδίασης Προϊόντων και Συστημάτων,aegean,Καθηγητής,6964,Damianos Gavalas,8kYj-SsAAAAJ
Ευστράτιος Γαλλόπουλος,Efstratios Gallopoulos,Μηχανικών Η/Υ & Πληροφορικής,upatras,Καθηγητής,1041,Efstratios Gallopoulos,WhMzaJwAAAAJ
Θεόδουλος Γαρεφαλάκης,Theodoulos Garefalakis,Μαθηματικών & Εφαρμοσμένων Μαθηματικών,uoc,Καθηγητής,19418,Theo Garefalakis,O5CqgoUAAAAJ
Ιωάννης Γαροφαλάκης,Ioannis Garofalakis,Μηχανικών Ηλεκτρονικών Υπολογιστών & Πληροφορικής,upatras,Καθηγητής,9360,John Garofalakis,Lu6f_-wAAAAJ
Μίνως Γαροφαλάκης,Minos Garofalakis,Ηλεκτρονικών Μηχ και Μηχ Υπολογιστών,tuc,Καθηγητής,3674,Minos Garofalakis,WemX9rAAAAAJ
Αντώνιος Γαστεράτος,Antonios Gasteratos,Μηχανικών Παραγωγής και  Διοίκησης,duth,Καθηγητής,1794,Antonios Gasteratos,ZzxSO8QAAAAJ
Τασούλα Γεωργάκη,Tasoula Georgaki,Μουσικών Σπουδών,uoa, Καθηγητής,18329,anastasia Georgaki,1Q9pOAIAAAAJ
Γιώργος Γεωργακόπουλος,Giorgos Georgakopoulos,Επιστήμης Υπολογιστών,uoc,Αναπληρωτής Καθηγητής,7075,George Georgakopoulos,AkCowUsAAAAJ
Λεωνίδας Γεωργιάδης,Leonidas Georgiadis,Ηλεκτρολόγων Μηχ & Μηχ Υπολογιστών ,auth,Καθηγητής,6050,Leonidas Georgiadis,GjFfiVwAAAAJ
Νικόλαος Γεωργουλάς ,Nikolaos Georgoulas ,Ηλεκτρολόγων Μηχανικών και Μηχανικών Υπολογιστών,duth,Καθηγητής,2974,Nikolaos Georgoulas,tqxUr4oAAAAJ
Εμμανουήλ Γιακουμάκης,Emmanouil Giakoumakis,Επιστημών και Τεχνολογίας της Πληροφορίας,aueb,Καθηγητής,8268,Emm. Giakoumakis,cvgdUCUAAAAJ
Αθανάσιος Γιαννακόπουλος,Athanasios Giannakopoulos,Στατιστικής,aueb,Καθηγητής,17551,A.N.Yannacopoulos,Goa2auQAAAAJ
Τραιανός Γιούλτσης,Traianos Gioultsis,Ηλεκτρολόγων Μηχ & Μηχ Υπολογιστών,auth,Καθηγητής,18133,Traianos Yioultsis,PvzNtsQAAAAJ
Δημήτριος Γκιζόπουλος,Dimitrios Gkizopoulos,Πληροφορικής και Τηλεπικοινωνιών,uoa,Καθηγητής,18398,Dimitris Gizopoulos,8V03GF4AAAAJ
Δρόσος Γκιντίδης,Drosos Gkintidis,Εφαρμοσμένων Μαθηματικών & Φυσικών Επιστημών,ntua,Καθηγητής,17630,Drossos Gintides,iThPi7sAAAAJ
Δημήτριος Γκρίτζαλης,Dimitrios Gkritzalis,Πληροφορικής,aueb,Καθηγητής,8292,Dimitris A. Gritzalis,5hIalXgAAAAJ
Στέφανος Γκρίτζαλης,Stefanos Gkritzalis,Ψηφιακών Συστημάτων,unipi,Καθηγητής,18870,Stefanos Gritzalis,VCU5CYYAAAAJ
Γεώργιος-Όθων Γλεντής,Georgios-Othon Glentis,Πληροφορικής και Τηλεπικοινωνιών,uop,Καθηγητής,9433,George Glentis,xPq5hU0AAAAJ
Δημητριος  Γουνόπουλος,Dimitrios  Gounopoulos,Πληροφορικής και Τηλεπικοινωνιών,uoa,Καθηγητής,6445,Dimitrios Gunopulos,PHJokEQAAAAJ
Νικόλαος Γραμμαλίδης,Nikolaos Grammalidis,Ινστιτούτο Τεχνολογιών Πληροφορικής και Επικοινωνιών,certh,Κύριος Ερευνητής,19358,Nikos Grammalidis,PIKpPjoAAAAJ
Θεόδωρος Δαλαμάγκας,Theodoros Dalamagkas,Ινστιτούτο Πληροφοριακών Συστημάτων,athena-innovation,Διευθυντής Ερευνών,17708,Theodore Dalamagas,WJOLNAYAAAAJ
Κώστας Δανιηλίδης,Kostas Daniilidis, Computer and Information Science ,University of Pennsylvania,Καθηγητής,4678,Kostas Daniilidis,dGs2BcIAAAAJ
Μιχαήλ Δεβετσικιώτης - Χατζηνικολάου,Michail Devetsikiotis - Chatzinikolaou,Electrical and Computer Engineering,North Carolina State University,Καθηγητής,11511,Michael Devetsikiotis,G5hjq5EAAAAJ
Αλέξιος Δελής,Alexios Delis,Πληροφροικής & Τηλεπικοινωνιών,uoa,Καθηγητής,19716,Unknown,Unknown
Παναγιώτης Δεμέστιχας,Panagiotis Demestichas,Ψηφιακών Συστημάτων,unipi,Καθηγητής,6554,Panagiotis Demestichas,0TYLd78AAAAJ
Αργύριος Δέντσορας,Argyrios Dentsoras,Μηχανολόγων & Αεροναυπηγών Μηχανικών,upatras,Καθηγητής,10991,Argyris Dentsoras,V6BwW20AAAAJ
Ευάγγελος Δερματάς,Evangelos Dermatas,"Τμήματος Μηχανικών
Ηλεκτρονικών Υπολογιστών και Πληροφορικής",upatras,Αναπληρωτής Καθηγητής,4803,Evangelos Dermatas,ireNT3QAAAAJ
Βασίλειος Δημακόπουλος ,Vasileios Dimakopoulos ,Μηχανικών Ηλεκτρονικών Υπολογιστών & Πληροφορικής,uoi,Αναπληρωτής Καθηγητής,522,Vassilios V. Dimakopoulos,JIGQWuAAAAAJ
Ευθαλία Δημαρά,Efthalia Dimara,Οικονομικών Επιστημών,upatras,Καθηγητής,8393,Efthalia Dimara,4F-8cl4AAAAJ
Αγγελική Δημητρακοπούλου,Angeliki Dimitrakopoulou,Επιστημών Προσχολικής Αγωγής &  Εκπαιδευτικού Σχεδιασμού,aegean,Καθηγητής,4399,Angelique Dimitracopoulou,vjVYyXwAAAAJ
Ιωάννης Δημόπουλος,Ioannis Dimopoulos,Πληροφορικής,University of Cyprus,Καθηγητής,1879,"Ioannis Dimopoulos, Ioannis F. Dimopoulos, Yannis Dimopoulos",DWfINNgAAAAJ
Νικόλαος Διαμαντής,Nikolaos Diamantis,School of Mathematical Science,University of Nottingham,Αναπληρωτής Καθηγητής,2863,Unknown,Unknown
Βασίλειος Διγαλάκης,Vasileios Digalakis,Ηλεκτρολόγων Μηχ & Μηχ Υπολογιστών,tuc,Καθηγητής,4463,Vassilis Digalakis,8LcwaSYAAAAJ
Απόστολος Δόλλας,Apostolos Dollas,Ηλεκτρολόγων Μηχ & Μηχ Υπολογιστών,tuc,Καθηγητής,19914,Apostolos Dollas,4Q-zncUAAAAJ
Ιωάννης Δολόγλου,Ioannis Dologlou,Ινστιτούτο Επεξεργασίας του Λόγου,athena-innovation,Διευθυντής Ερευνών,17763,ioannis dologlou,gR1xCV8AAAAJ
Ζωή Δουλγέρη,Zoi Doulgeri,Ηλεκτρολόγων Μηχ & Μηχ Υπολογιστών,auth,Καθηγητής,18259,Zoe Doulgeri,ubUmUrcAAAAJ
Χρήστος Δουληγέρης,Christos Douligeris,Πληροφορικής,unipi,Καθηγητής,18820,Christos Douligeris,f7-JRJUAAAAJ
Γεώργιος Έλληνας,Georgios Ellinas,Electrical and Computer Engineering,University of Cyprus,Αναπληρωτής Καθηγητής,5840,Georgios Ellinas,5_21xI8AAAAJ
Ιωάννης Εμίρης,Ioannis Emiris,Πληροφορικής και Τηλεπικοινωνιών,uoa,Καθηγητής,4425,Ioannis Emiris,ZK6y-cIAAAAJ
Γεώργιος Ευαγγελίδης,Georgios Evangelidis,Εφαρμοσμένης Πληροφορικής,uom,Καθηγητής,6852,Georgios Evangelidis,DeNMec4AAAAJ
Παύλος Εφραιμίδης,Pavlos Efraimidis,Ηλεκτρολόγων Μηχ. & Μηχ. Υπολογιστών,duth,Αναπληρωτής Καθηγητής,18194,Pavlos S. Efraimidis,Dxz0pLsAAAAJ
Ξενοφών  Ζαμπούλης,Xenofon  Zampoulis,Ινστιτούτο Πληροφορικής,forth,Κύριος Ερευνητής,17927,Xenophon Zabulis,mT6JlBIAAAAJ
Ιωάννης Ζάννος ,Ioannis Zannos ,Τεχνών Ήχου και Εικόνας,ionio,Καθηγητής,11497,Iannis Zannos,I-UWrxUAAAAJ
Νικόλαος Ζαράνης,Nikolaos Zaranis,Παιδαγωγικό Προσχολικής Εκπαίδευσης,uoc, Καθηγητής,18135,Nicholas Zaranis,6gocJEwAAAAJ
Χρήστος Ζαρολιάγκης,Christos Zaroliagkis,Μηχ. Η/Υ & Πληροφορικής,upatras,Καθηγητής,18315,Christos Zaroliagis,L3AQ8wkAAAAJ
Απόστολος Ζάρρας,Apostolos Zarras,Μηχανικών Ηλεκτρονικών Υπολογιστών & Πληροφορικής,uoi,Αναπληρωτής Καθηγητής,1150,Apostolos Zarras,9nXN6XYAAAAJ
Μιχαήλ Ζερβάκης,Michail Zervakis,Ηλεκτρολόγων Μηχ & Μηχ Υπολογιστών,tuc,Καθηγητής,10147,Michalis Zervakis,-wlbrYcAAAAJ
Μιχάλης Ζέρβας,Michalis Zervas,Optoelectronics Research Centre,University of Southampton,Καθηγητής,1067,Michalis N. Zervas,inm2aNQAAAAJ
Βασίλειος Ζησιμόπουλος,Vasileios Zisimopoulos,Πληροφορικής & Τηλεπικοινωνιών,uoa,Καθηγητής,9507,Ioannis Zisimopoulos,2Pjs6TkAAAAJ
 Κυριάκος Ζωηρός, Kyriakos Zoiros,Ηλεκτρολόγων Μηχανικών & Μηχανικών Η/Υ,duth,Αναπληρωτής Καθηγητής,19606,KYRIAKOS ZOIROS,KcVeVFkAAAAJ
Ιωάννης Θεοδωρίδης,Ioannis Theodoridis,Πληροφορικής,unipi,Καθηγητής,7814,Yannis Theodoridis,1f5twhoAAAAJ
Ιωάννης Θεοχάρης,Ioannis Theocharis,Ηλεκτρολόγων Μηχ και Μηχ Υπολογιστών,auth,Καθηγητής,7754,Ioannis Theocharis,AbUzPocAAAAJ
Θεοχάρης Θεοχάρης ,Theocharis Theocharis ,Πληροφορικής & Τηλεπικοινωνιών,uoa,Καθηγητής,8989,Theoharis Theoharis,1AuLBccAAAAJ
Δημήτριος Θηλυκός,Dimitrios Thilykos,Μαθηματικών,uoa,Καθηγητής,7623,Dimitrios M. Thilikos,L-q3PPkAAAAJ
Κλεάνθης Θραμπουλίδης,Kleanthis Thrampoulidis,Ηλεκτρολόγων Μηχανικών & Τεχνολογίας Υπολογιστών,upatras,Καθηγητής,19589,Christos Thrampoulidis,X54nJqcAAAAJ
Δημήτριος Ιακωβίδης,Dimitrios Iakovidis,Πληροφορικής με Έμφαση στη Βιοϊατρική,uth, Καθηγητής,4686,Dimitris Iakovidis,Jg1ZJ1wAAAAJ
Δημήτριος Ιωαννίδης,Dimitrios Ioannidis,Οικονομικών Επιστημών,uom,Καθηγητής,19906,Dimitrios Ioannides,Brc7FTEAAAAJ
Ιωάννης Ιωαννίδης,Ioannis Ioannidis,Πληροφορικής & Τηλεπικοινωνιών,uoa,Καθηγητής,19793,Yannis Ioannidis,MIfpzUQAAAAJ
Θεοδώρα Ιωαννίδου,Theodora Ioannidou,Πολιτικών Μηχανικών,auth,Καθηγητής,4017,Theodora Ioannidou,yYZbsa0AAAAJ
Εργίνα Καβαλλιεράτου,Ergina Kavallieratou,Μηχανικών Πληροφοριακών και Επικοινωνιακών Συστημάτων,aegean,Αναπληρωτής Καθηγητής,9365,Ergina Kavallieratou,uJVGw7kAAAAJ
Χρυσοβαλάντης Καβουσιανός ,Chrysovalantis Kavousianos ,Μηχανικών Ηλεκτρονικών Υπολογιστών και Πληροφορικής,uoi,Καθηγητής,1320,Xrysovalantis Kavousianos,GpEoeCUAAAAJ
Δημήτριος Καλλές,Dimitrios Kalles,θετικών Επιστημων και Τεχνολογίας,eap,Καθηγητής,19008,Dimitris Kalles,mfu6U_MAAAAJ
Παναγιώτης Καλνής,Panagiotis Kalnis,Επιστήμης Υπολογιστών,King Abdullah University of Science & Technology,Καθηγητής,1946,Panos Kalnis,-NdSrrYAAAAJ
Αχιλλέας Καμέας,Achilleas Kameas,θετικών Επιστημων και Τεχνολογίας,eap, Καθηγητής,1858,Unknown,Unknown
Γεωργιος     Καμπουρακης ,Georgios     Kampourakis ,Μηχανικων  Πληροφοριακων Και Επικοινωνιακων Συστηματων,aegean,Καθηγητής,18554,Georgios Kambourakis,LJz0vqQaztcC
Αιμίλιος-Βασίλειος  Καμπουρόπουλος ,Aimilios-Vasileios  Kampouropoulos ,Μουσικών Σπουδών,auth, Καθηγητής,19655,Emilios Cambouropoulos,ZibN-roAAAAJ
Ιωάννης Καραγιάννης,Ioannis Karagiannis,Μηχ. Η/Υ & Πληροφορικής,upatras, Καθηγητής,18311,Ioannis Caragiannis,FSIQi4IAAAAJ
Χαράλαμπος Καραγιαννίδης ,Charalampos Karagiannidis ,Παιδαγωγικό Είδικής Αγωγής,uth,Καθηγητής,7729,Karagiannidis Charalampos,QZQ7DXkAAAAJ
Γεώργιος Καραγιαννίδης ,Georgios Karagiannidis ,Ηλεκτρολόγων Μηχ & Μηχ Υπολογιστών,auth,Καθηγητής,19446,George K. Karagiannidis,7FZ1r94AAAAJ
Κωνσταντίνος Καραθανάσις,Konstantinos Karathanasis,School of Music,"University of Oklahoma, USA",Καθηγητής,1212,Unknown,Unknown
Γεωργία Κάραλη,Georgia Karali,Μαθηματικών & Εφαρμοσμένων Μαθηματικών,uoc,Καθηγητής,11144,Georgia Karali,Ae5ALHUAAAAJ
Γεώργιος Καραμπάτης,Georgios Karampatis, Information Systems,University of Maryland Baltimore County (UMBC),Αναπληρωτής Καθηγητής,6153,Unknown,Unknown
Νικόλαος Καραμπετάκης,Nikolaos Karampetakis,Μαθηματικών,auth,Καθηγητής,4693,Nicholas Karampetakis,TkKJCukAAAAJ
Ιωάννης  Καραφυλλίδης ,Ioannis  Karafyllidis ,Ηλεκτρολόγων Μηχ. & Μηχ. Υπολογιστών ,duth,Καθηγητής,18658,Ioannis Karafyllidis,WbkfjB4AAAAJ
Νικόλαος Καραχάλιος,Nikolaos Karachalios,Μαθηματικών,aegean,Καθηγητής,19233,NIKOLAOS KARACHALIOS,Pptq4PwAAAAJ
Γεώργιος Καρύπης,Georgios Karypis,Computer Science and Engineering,University of Minnesota,Καθηγητής,7274,George Karypis,ElqwScwAAAAJ
Ελπίδα Κεραυνού - Παπαηλιού,Elpida Keravnou - Papailiou, Πληροφορικής,Cyprus University of Technology,Καθηγητής,4473,Unknown,Unknown
Αθανάσιος Κεχαγιάς,Athanasios Kechagias,Ηλεκτρολόγων Μηχ & Μηχ Υπολογιστών,auth,Αναπληρωτής Καθηγητής,17977,Athanasios Kehagias,AiqUHA8AAAAJ
Κωνσταντίνος Κλουκίνας,Konstantinos Kloukinas, Μicroelectronics engineer,CERN the European Organization for Nuclear Research,Κύριος Ερευνητής,5310,Kostas Kloukinas,tbVLx8sAAAAJ
Χριστόφορος Κοζυράκης,Christoforos Kozyrakis, Electrical Engineering and Computer Science,Stanford University,Καθηγητής,6966,Christos Kozyrakis,G2EJz5kAAAAJ
Νεκτάριος Κοζύρης,Nektarios Kozyris,Ηλεκτρολόγων Μηχ & Μηχ Υπολογιστών,ntua,Καθηγητής,19471,Nectarios Koziris,wgwP96QAAAAJ
Χρυσή Κοκολογιαννάκη,Chrysi Kokologiannaki,Μαθηματικών,upatras,Καθηγητής,19951,Chrysi Kokologiannaki,5bM3fdIAAAAJ
Στέφανος Κόλλιας ,Stefanos Kollias ,Ηλεκτρολόγων Μηχ & Μηχ Υπολογιστών,ntua,Καθηγητής,18205,Stefanos Kollias,-h2va3cAAAAJ
Σταύρος Κολλιόπουλος,Stavros Kolliopoulos,Πληροφορικής και Τηλεπικοινωνιών,uoa,Καθηγητής,18495,Stavros Kolliopoulos,1jZJgWQAAAAJ
Βασίλειος Κόμης,Vasileios Komis,Επιστημών της Εκπαίδευσης & της Αγωγής στην Προσχολική Ηλικία,upatras,Καθηγητής,4952,Vassilis Komis,y-hRoJQAAAAJ
Λυσίμαχος-Παύλος Κόντης,Lysimachos-Pavlos Kontis,Μηχανικών Η.Υ. & Πληροφορικής,uoi,Καθηγητής,171,Lisimachos Kondi,VVz5ATwAAAAJ
Αριστείδης Κοντογεώργης,Aristeidis Kontogeorgis,Μαθηματικών,uoa,Καθηγητής,18766,Aristides Kontogeorgis,ydP9h5cAAAAJ
Κωνσταντίνος Κοντογιάννης,Konstantinos Kontogiannis,Ηλεκτρολόγων Μηχανικών & Μηχανικών Υπολογιστών,ntua,Αναπληρωτής Καθηγητής,18652,Kostas Kontogiannis,gNZOUUAAAAAJ
Δημήτριος Κουγιουμτζής,Dimitrios Kougioumtzis,Ηλεκτρολόγων Μηχ & Μηχ Υπολογιστών,auth,Καθηγητής,18580,D Kugiumtzis,SgQOqeIAAAAJ
Χρήστος Κουκουβίνος,Christos Koukouvinos,Εφαρμοσμένων Μαθηματικών & Φυσικών Επιστημών,ntua,Καθηγητής,5932,Christos Koukouvinos,XV73_qEAAAAJ
Εμμανουήλ Κουμπαράκης,Emmanouil Koumparakis,Πληροφορικής και Τηλεπικοινωννιών,uoa,Καθηγητής,9714,Manolis Koubarakis,FKy2868AAAAJ
Γεώργιος Κουρουπέτρογλου ,Georgios Kouroupetroglou ,Πληροφορικής και Τηλεπικοινωνιών,uoa,Καθηγητής,18734,Georgios Kouroupetroglou,utmrHCoAAAAJ
Κυριάκος Κουτουλάκος,Kyriakos Koutoulakos,Computer Science,University of Toronto,Καθηγητής,7124,Kyros Kutulakos,bQJWJPYAAAAJ
Ευτύχιος Κουτρούλης,Eftychios Koutroulis,Ηλεκτρολόγων Μηχανικών & Μηχανικών Υπολογιστών,tuc,Αναπληρωτής Καθηγητής,18992,Eftichis Koutroulis,qd8CMdgAAAAJ
Διον.-Δημήτριος Κουτσουρής,Dion.-Dimitrios Koutsouris,Ηλεκτρολόγων Μηχ & Μηχ Υπολογιστών,ntua,Καθηγητής,155,Dimitrios Koutsouris,tTm7CCAAAAAJ
Οδυσσέας Κουφοπαυλου ,Odysseas Koufopavlou ,Ηλεκτρολόγων Μηχ & Τεχνολογίας υπολογιστών,upass,Καθηγητής,17652,Odysseas Koufopavlou,e86zmDoAAAAJ
 Εμμανουήλ Κριεζής, Emmanouil Kriezis,Ηλεκτρολόγων Μηχ & Μηχ Υπολογιστών,auth,Καθηγητής,3707,Emmanouil Kriezis,CUb8oGIAAAAJ
Νικόλαος Κυρπίδης,Nikolaos Kyrpidis,Department of Energy ,Joint Genome Institute,Διευθυντής Ερευνών,7506,Nikos C Kyrpides,0FuZRPYAAAAJ
Ελισάβετ Κωνσταντίνου,Elisavet Konstantinou,Μηχανικών Πληροφοριακών και Επικοινωνιακών Συστημάτων,aegean,Επίκουρος Καθηγητής (Μόνιμος),5934,Elisavet Konstantinou,V5atJsEAAAAJ
Παναγιώτης Κωνσταντόπουλος,Panagiotis Konstantopoulos,Πληροφορικης,aueb,Καθηγητής,18164,Panos Constantopoulos,EAagfCoAAAAJ
Χαράλαμπος Κωνσταντόπουλος,Charalampos Konstantopoulos,Πληροφορικης,unipi,Αναπληρωτής Καθηγητής,13839,Charalampos Konstantopoulos,Q0GeDawAAAAJ
Παναγιώτης  Κωττής,Panagiotis  Kottis,Ηλεκτρολόγων Μηχ & Μηχ Υπολογιστών,ntua,Καθηγητής,4033,Unknown,Unknown
Μιχαήλ Λαγουδάκης,Michail Lagoudakis,Ηλεκτρονικών Μηχ και Μηχ Υπολογιστών,tuc,Αναπληρωτής Καθηγητής,3647,Michail G. Lagoudakis,VqHiIg8AAAAJ
Σπυρίδων-Γεράσιμος  Λάλης,Spyridon-Gerasimos  Lalis,Ηλεκτρολόγων Μηχανικών & Μηχανικών Υπολογιστών,uth,Καθηγητής,17837,Spyros Lalis,1hCQK9oAAAAJ
Ανδρέας Λανίτης,Andreas Lanitis, Multimedia and Graphic Arts,Cyprus University of Technology,Αναπληρωτής Καθηγητής,8086,Andreas Lanitis,LV7ud3IAAAAJ
 Θεόδωρος Λαόπουλος, Theodoros Laopoulos,Φυσικής,auth,Καθηγητής,17535,Theodore Laopoulos,Kb2N6d4AAAAJ
Γεώργιος Λέπουρας,Georgios Lepouras,Πληροφορικής & Τηλεπικοινωνιών,uop,Καθηγητής,18491,George Lepouras,AZ9U32YAAAAJ
Μιχαήλ  Λογοθέτης,Michail  Logothetis,Ηλεκτρολόγων Μηχ & Τεχνολογίας Υπολογιστών,upatras,Καθηγητής,8497,Michael D. Logothetis,ybBA1ZIAAAAJ
Εμμανουήλ Λουράκης,Emmanouil Lourakis,Ινστιτούτο Πληροφορικής,forth,Διευθυντής Ερευνών,18073,Manolis Lourakis,4YYxk1IAAAAJ
Μαλαματή Λούτα,Malamati Louta,Ηλεκτρολόγων Μηχανικών & Μηχανικών Υπολογιστών,uowm,Αναπληρωτής Καθηγητής,8334,Malamati Louta,5yvGyGsAAAAJ
Αριστείδης Λύκας,Aristeidis Lykas,Μηχανικών Ηλεκτρονικών Υπολογιστών  & Πληροφορικής,uoi,Καθηγητής,11212,Aristidis Likas,kb39Kx0AAAAJ
Σπυρίδων Λυκοθανάσης,Spyridon Lykothanasis,Μηχανικών Ηλεκτρονικών Υπολογιστών  & Πληροφορικής,upatras,Καθηγητής,17284,Likothanassis S.,x0Xemm8AAAAJ
Νίκος Μαγκλαβέρας,Nikos Magklaveras,Ιατρική,auth,Καθηγητής,18291,"Nicos Maglaveras, FEAMBES",2CCz8x0AAAAJ
Εμμανουήλ Μάγκος,Emmanouil Magkos,Πληροφορικής,ionio,Αναπληρωτής Καθηγητής,17022,Emmanouil (Manos) Magkos,qy_LFbsAAAAJ
Γεώργιος Μακράκης,Georgios Makrakis,Μαθηματικών & Εφαρμοσμένων Μαθηματικών,uoc,Καθηγητής,17699,George N. Makrakis,0uErzsEAAAAJ
Γεώργιος Μακρής,Georgios Makris,Electrical Engineering,University of Texas at Dallas,Καθηγητής,9069,Yiorgos Makris,dUO4lKwAAAAJ
Νικόλαος Μαλεύρης,Nikolaos Malevris,Πληροφορικής,aueb,Καθηγητής,144,N. Malevris,PJ748-EAAAAJ
Νικόλαος Μαμουλής,Nikolaos Mamoulis,Μηχ Ηλεκτρονικών Υπολογιστών & Πληροφορικής,uoi, Καθηγητής,18640,Nikos Mamoulis,jOvUDjYAAAAJ
Αικατερίνη Μανιά,Aikaterini Mania,Ηλεκτρονικών Μηχ και Μηχ Υπολογιστών,tuc,Αναπληρωτής Καθηγητής,10330,Katerina Mania,fq9RjXsAAAAJ
Ιωάννης Μανουσάκης,Ioannis Manousakis,Computer Science,"LRI, University Paris South, Orsay",Καθηγητής,11102,Ioannis Manousakis,5rA-dYcAAAAJ
Ηλίας Μανωλάκος,Ilias Manolakos,Πληροφορικής & Τηλεπικοινωνιών,uoa,Καθηγητής,17276,Elias S. Manolakos,fO1mhBoAAAAJ
Πέτρος Μαραγκός,Petros Maragkos,Ηλεκτρολόγων Μηχανικών & Μηχανικών Υπολογιστών,ntua,Καθηγητής,10326,Petros Maragos,A2XydgGCY9gC
Εμμανουήλ Μαραγκουδάκης,Emmanouil Maragkoudakis,Πληροφορικής,ionio,Καθηγητής,19548,Manolis Maragoudakis,MYXXMRIAAAAJ
Κωνσταντίνος Μαργαρίτης,Konstantinos Margaritis,Εφαρμοσμένης Πληροφορικής,uom,Καθηγητής,6934,Konstantinos G. Margaritis,YAzF48oAAAAJ
Κωνσταντίνος Μαρκαντωνάκης,Konstantinos Markantonakis,Information Security Group,"Royal Holloway, University of London", Καθηγητής,3716,Konstantinos Markantonakis,NygekFcAAAAJ
Ευάγγελος Μαρκάτος,Evangelos Markatos,Επιστήμης Υπολογιστών,uoc,Καθηγητής,4137,Evangelos Markatos,Wk7e-kIAAAAJ
Κωνσταντίνος Μασσέλος,Konstantinos Masselos,Πληροφορικής και Τηλεπικοινωνιών,uop,Καθηγητής,3560,Konstantinos Masselos,aJt79fYAAAAJ
Ιωάννης Μαυρίδης,Ioannis Mavridis,Εφαρμοσμένης Πληροφορικής,uom,Καθηγητής,3176,Ioannis Mavridis,l2FvCz8AAAAJ
Μάριος Μαυρονικόλας,Marios Mavronikolas, Πληροφορικής,University of Cyprus,Καθηγητής,1892,Marios Mavronicolas,PAACT74AAAAJ
Βασίλειος Μεγαλοοικονόμου,Vasileios Megalooikonomou,Μηχανικών Ηλεκτρονικών Υπολογιστών και Πληροφορικής,upatras,Καθηγητής,7710,Vasileios Megalooikonomou,toMnRo0AAAAJ
Λάζαρος  Μεράκος,Lazaros  Merakos,Πληροφορικής & Τηλεπικοινωνιών,uoa,Καθηγητής,18649,Lazaros Merakos,H5xlwE4AAAAJ
Παναγιώτης Μεταξάς,Panagiotis Metaxas, Computer Science,Wellesley College,Professor,419,"Panagiotis ""Takis"" Metaxas",7tc03WEAAAAJ
Ευάγγελος Μήλιος,Evangelos Milios, Computer Science,Dalhousie University,Καθηγητής,2289,Evangelos Milios,ME8aQywAAAAJ
Περικλής Μήτκας,Periklis Mitkas,Ηλεκτρολόγων Μηχ & Μηχ Υπολογιστών,auth,Καθηγητής,7874,Pericles A. Mitkas,t58rc8QAAAAJ
Αναστάσιος Μικρόπουλος,Anastasios Mikropoulos,Παιδαγωγικό Δημοτικής Εκπαίδευσης,uoi,Καθηγητής,9865,Tassos Anastasios Mikropoulos,3ZaLmnkAAAAJ
Ανδρέας Μνιέστρης ,Andreas Mniestris ,Μουσικών Σπουδών,ionio,Αναπληρωτής Καθηγητής,3752,Unknown,Unknown
Παναγιώτα Μορφούλη,Panagiota Morfouli,school of Engineering and Management,Institut Polytechnique de Grenoble,Καθηγητής,5054,Unknown,Unknown
Κυριάκος Μουρατίδης,Kyriakos Mouratidis,Επιστήμης Υπολογιστών,Singapore Management University,Αναπληρωτής Καθηγητής,7843,Kyriakos Mouratidis,vq5oTnEAAAAJ
Χαράλαμπος Μουρατίδης,Charalampos Mouratidis,"School of Computing, Engineering and Mathematics",University of Brighton,Καθηγητής,1072,Haralambos Mouratidis,sw7Y1IAAAAAJ
Κωνσταντίνος Μουρλάς,Konstantinos Mourlas,Επικοινωνίας & Μέσων Μαζικής Ενημέρωσης,uoa,Αναπληρωτής Καθηγητής,19426,Constantinos Mourlas,dpp4-kkAAAAJ
Ιωάννης Μουρτζόπουλος,Ioannis Mourtzopoulos,Ηλεκτρολόγων Μηχανικών & Τεχνολογίας Υπολογιστών,upatras,Καθηγητής,18243,John Mourjopoulos,CitiWhkAAAAJ
Κωνσταντίνος Μουστάκας,Konstantinos Moustakas,Ηλεκτρολόγων Μηχανικών & Τεχνολογίας Υπολογιστών,upatras,Αναπληρωτής Καθηγητής,18850,Konstantinos Moustakas,E361geAAAAAJ
Γεώργιος  Μουστακίδης,Georgios  Moustakidis,Ηλεκτρολόγων Μηχ. & Τεχνολογίας Υπολογιστών,upatras,Καθηγητής,9762,George V. Moustakides,O5YDyjoAAAAJ
Αθανάσιος Μουχτάρης,Athanasios Mouchtaris,Επιστήμης Υπολογιστών,uoc,Αναπληρωτής Καθηγητής,19537,Athanasios Mouchtaris,CMNg4XUAAAAJ
Παντελής Μπάγκος,Pantelis Bagkos,Πληροφορικής με Εφαρμογές στη Βιοϊατρική ,uth,Καθηγητής,18109,Pantelis Bagos,k3osijsAAAAJ
Στυλιανός Μπακαμίδης,Stylianos Bakamidis,Ινστιτούτο Επεξεργασίας του Λόγου,Ε.Κ. Αθηνά,Διευθυντής Ερευνών,17848,Unknown,Unknown
 Κωνσταντίνος Μπάλας, Konstantinos Balas,Ηλεκτρονικών Μηχ και Μηχ Υπολογιστών,tuc,Καθηγητής,19456,Costas Balas,NkVkf9QAAAAJ
Ευριπίδης Μπάμπης,Evripidis Bampis,Computer Science,"Sorbonne Universités, Université Pierre et Marie Curie (Paris 6)",Καθηγητής,1861,Evripidis Bampis,EWSHV58AAAAJ
Γεράσιμος Μπαρμπάτης,Gerasimos Barmpatis,Μαθηματικών,uoa,Καθηγητής,6742,Gerassimos Barbatis,RPgXKw8AAAAJ
Νικόλαος Μπέλλας ,Nikolaos Bellas ,Ηλεκτρολόγων Μηχανικών και Μηχανικών Υπολογιστών,uth, Καθηγητής,9811,Nikolaos Bellas,vHo4xHoAAAAJ
Παναγιώτης Μπένος,Panagiotis Benos,Computational and Systems Biology,University of Pittsburgh,Καθηγητής,1128,Panayiotis (Takis) Benos,B5NDW0EAAAAJ
Κων/νος Μπερμπερίδης,Kon/nos Bermperidis,Μηχανικών Ηλεκτρονικών Υπολογιστών και Πληροφορικής,upatras,Καθηγητής,9995,K Berberidis,oxBjm0IAAAAJ
Αντώνιος Μπικάκης,Antonios Bikakis, Information Studies,University College London,Αναπληρωτής Καθηγητής,5450,Antonis Bikakis,KBQAiW4AAAAJ
Άγγελος Μπίλας,Angelos Bilas,Επιστήμης Υπολογιστών,uoc,Καθηγητής,18041,Angelos Bilas,JZDNQaMAAAAJ
Αλέξιος Μπίρμπας,Alexios Birmpas,Ηλεκτρ. Μηχ. και τεχν. Η/Υ,Παν/μιο Πατρών,Καθηγητής,19404,Alexios Birbas,kCHXN28AAAAJ
Κωνσταντίνος Μπλέκας,Konstantinos Blekas,Μηχανικών Ηλεκτρονικών Υπολογιστών και Πληροφορικής,uoi,Αναπληρωτής Καθηγητής,8741,Konstantinos Blekas,dgH4XJkAAAAJ
Σπυρίδων Μπλιώνας,Spyridon Blionas,Πληροφορικής & Τηλεπικοινωνιών,uop,Αναπληρωτής Καθηγητής,11178,Blionas,eGFLu38AAAAJ
Αντώνιος Μπόγρης,Antonios Bogris,Μηχανικών Πληροφορικής και Υπολογιστών Πανεπιστήμιο Δυτικής Αττικής  (Μηχανικών Πληροφορικής Τ.Ε.),uniwa,Καθηγητής,18905,Adonis Bogris,3lXJLxwAAAAJ
Χρήστος Μπούρας ,Christos Bouras ,Μηχανικών Ηλεκτρονικών Υπολογιστών και Πληροφορικής,upatras,Καθηγητής,9829,Christos J. Bouras,p7sg-GwAAAAJ
Νικόλαος Μπουρμπάκης,Nikolaos Bourmpakis,Informatics and Technology,Wright State University,Καθηγητής,2334,Unknown,Unknown
Ιωάννης Μπούταλης,Ioannis Boutalis,Ηλεκτρολόγων Μηχανικών & Μηχανικών Η/Υ,duth,Καθηγητής,19667,Yiannis Boutalis,DtG4Y5MAAAAJ
Ματτίας Μπούχερ,Mattias Boucher,Ηλεκτρονικών Μηχανικών & Μηχανικών Υπολογιστών,tuc,Αναπληρωτής Καθηγητής,6511,Matthias Bucher,zgJbCb0AAAAJ
Παύλος Μωραϊτης,Pavlos Moraitis,Mathematics and Computer Science,Paris Descartes University/Laboratory of Informatics Paris Descartes (LIPADE),Καθηγητής,3395,Unknown,Unknown
Κωνσταντίνα Νικήτα,Konstantina Nikita,Ηλεκτρολόγων Μηχανικών και Μηχανικών Υπολογιστών,ntua,Καθηγητής,10889,Konstantina Nikita,4t9gJcUAAAAJ
Μαρία Νικολαϊδη,Maria Nikolaidi,Πληροφορικής και Τηλεματικής,hua,Καθηγητής,19523,Maria Nikolaidi,0O0Nu2cAAAAJ
 Σπυρίδων Νικολαϊδης, Spyridon Nikolaidis,Φυσικής,auth,Καθηγητής,18160,Spyridon Nikolaidis,CeK-UugAAAAJ
Ιωάννης Νικολαϊδης,Ioannis Nikolaidis,Computing Science,University of Alberta,Professor,7285,Ioanis Nikolaidis,GXSdAk0AAAAJ
Σωτήριος Νικολετσέας,Sotirios Nikoletseas,Μηχ. Η/Υ & Πληροφορικής,upatras,Καθηγητής,19750,Sotiris Nikoletseas,hk2ylNwAAAAJ
Δημήτριος Νικολόπουλος,Dimitrios Nikolopoulos,"School of Electronics, Electrical Engineering and Computer Science",Virginia Polytechnic Inst.and State Univ.,Καθηγητής,9012,Dimitrios S. Nikolopoulos,PkCuYUQAAAAJ
Χρήστος Νικολόπουλος,Christos Nikolopoulos,Μαθηματικών,aegean,Αναπληρωτής Καθηγητής,6112,Christos V. Nikolopoulos,TJKJTewAAAAJ
Σταύρος Νικολόπουλος,Stavros Nikolopoulos,Μηχ. Η/Υ & Πληροφορικής,uoi,Καθηγητής,8631,Stavros D. Nikolopoulos,Uk8Tkt0AAAAJ
 Δημήτριος Νικολός, Dimitrios Nikolos,Μηχ. Η/Υ & Πληροφορικής,upatras,Καθηγητής,18928,Dimitris Nikolos,kndWOCIAAAAJ
Χριστόφορος Νίκου,Christoforos Nikou,Μηχανικών Ηλεκτρονικών Υπολογιστών & Πληροφορικής,uoi, Καθηγητής,1690,Christophoros Nikou,LOHLQrMAAAAJ
Αθανάσιος Νταραντούμης,Athanasios Ntarantoumis,Πολιτισμικής Τεχνολογίας και Επικοινωνίας,aegean, Καθηγητής,18062,Thanasis Daradoumis,5oD0RKcAAAAJ
Αναστάσιος Ντελόπουλος,Anastasios Ntelopoulos,Ηλεκτρολόγων Μηχ & Μηχ Υπολογιστών,auth,Καθηγητής,18211,Anastasios Delopoulos,yBp_7EEAAAAJ
Ειρήνη Ντούτση,Eirini Ntoutsi,Faculty of Electrical Engineering and Computer Science,"Leibniz University Hannover, Germany",Αναπληρωτής καθηγητής,27772,Eirini Ntoutsi,RdA9uxYAAAAJ
Θωμάς Ξένος,Thomas Xenos,Ηλεκτρολόγων Μηχ & Μηχ Υπολογιστών,auth,Καθηγητής,9959,Thomas Xenos,NFCJxPMAAAAJ
Κώστας Ξυδέας,Kostas Xydeas,Electrical Engineering,Lancaster University,Professor,10238,C.Xydeas,ntIPBqMAAAAJ
Στυλιανός Ξυνόγαλος,Stylianos Xynogalos,Εφαρμοσμένης Πληροφορικής,uom,Αναπληρωτής Καθηγητής,23170,Stelios Xinogalos,TquBXjAAAAAJ
Αναστάσιος  Οικονομίδης,Anastasios  Oikonomidis,Οικονομικών Επιστημών,uom,Καθηγητής,19652,Anastasios A. Economides,1AAOD6YAAAAJ
Γεώργιος Οικονόμου,Georgios Oikonomou,Φυσικής,upatras,Καθηγητής,18334,George Economou,j9XzkygAAAAJ
Πολυξένη Παγγέ - Λέκκα,Polyxeni Pange - Lekka,Παιδαγωγικό Νηπιαγωγών,uoi,Καθηγητής,9339,Jenny Pagge Pange,FMxD7AMAAAAJ
Αριστείδης Παγουρτζής,Aristeidis Pagourtzis,Ηλεκτρολόγων Μηχανικών και Μηχανικών Υπολογιστών,ntua,Καθηγητής,11423,Aris Pagourtzis,xh1BcAwAAAAJ
Λεωνίδας Παληός,Leonidas Palios,Μηχ. Η/Υ & Πληροφορικής,uoi,Καθηγητής,10841,Leonidas Palios,fk4I4B8AAAAJ
Γεώργιος Παλιούρας,Georgios Paliouras,Ιντστιτούτο Πληροφορικής και Τηλεπικοινωνιών,demokritos,Διευθυντής Ερευνών,17659,Georgios Paliouras,-pec7wIAAAAJ
Γιώργος Πάλλης,Giorgos Pallis,Πληροφορικής,University of Cyprus,Αναπληρωτής Καθηγητής,21434,George Pallis,kNkLOHcAAAAJ
Χρήστος Παναγιωτακόπουλος,Christos Panagiotakopoulos,Επιστημών της Εκπαίδευσης & Κοινωνικής Εργασίας,upatras,Καθηγητής,5858,Christos T. Panagiotakopoulos,v11QHGsAAAAJ
Θεμιστοκλής Παναγιωτόπουλος,Themistoklis Panagiotopoulos,Πληροφορικής,unipi,Καθηγητής,2296,Unknown,Unknown
Δημήτριος  Πάντος,Dimitrios  Pantos,Electrical Engineering,State University of New York at Buffalo,Professor,4330,Dimitris A Pados,tczyXJUAAAAJ
Γεώργιος Παπαγιαννάκης,Georgios Papagiannakis,Επιστήμης Υπολογιστών,uoc,Αναπληρωτής Καθηγητής,1020,George Papagiannakis,rUfyI3MAAAAJ
Γεωργιος Άγγελος Παπαδόπουλος,Georgios Angelos Papadopoulos,Computer Science,University of Cyprus,Καθηγητής,1261,George Α. Papadopoulos,UvQERXUAAAAJ
Γιάννης Παπαδόπουλος,Giannis Papadopoulos,Computer Science,University of Hull,Καθηγητής,720,Yiannis Papadopoulos,GpwIX-QAAAAJ
Γεώργιος Παπαϊωάννου,Georgios Papaioannou,Πληροφορικής,aueb,Αναπληρωτής Καθηγητής,8098,Georgios Papaioannou,aZVSd0QAAAAJ
Γιάννης Παπακωνσταντίνου,Giannis Papakonstantinou,Computer Science and Engineering ,"University of California, San Diego",Καθηγητής,9165,Yannis Papakonstantinou,81cvn3sAAAAJ
Νικόλαος Παπαμάρκος,Nikolaos Papamarkos,Ηλεκτρολόγων Μηχ & Μηχ Υπολογιστών,duth,Καθηγητής,18596,Nikos Papamarkos,E8a90xYAAAAJ
Ιωάννης Παπανάνος,Ioannis Papananos,Ηλεκτρολόγων Μηχ. & Μηχ. Υπολογιστών,ntua,Καθηγητής,17725,Unknown,Unknown
Ευάγγελος Παπαπέτρου,Evangelos Papapetrou,Μηχανικών Η/Υ & Πληροφορικής,uoi,Επίκουρος Καθηγητής (Μόνιμος),5478,Evangelos Papapetrou,R6Ldg5UAAAAJ
Ανδρέας Παπασαλούρος,Andreas Papasalouros,Μαθηματικών,aegean,Επίκουρος Καθηγητής (Μόνιμος),10471,Andreas Papasalouros,Lv-cQa8AAAAJ
Νικόλαος Παπασπύρου,Nikolaos Papaspyrou,Ηλεκτρολόγων Μηχ. & Μηχ. Υπολογιστών,ntua,Καθηγητής,17609,Nikolaos Papaspyrou,sB4E4lcAAAAJ
Αθανάσιος Παπίστας,Athanasios Papistas,Μαθηματικών,auth,Καθηγητής,19312,Unknown,Unknown
Νικόλαος Παραγυιός,Nikolaos Paragyios,Applied Mathematics,Ecole Centrale de Paris,Καθηγητής,5426,Nikos Paragios,7edhlaQAAAAJ
Φωτεινή Παρασκευά,Foteini Paraskeva,Ψηφιακών Συστημάτων,unipi,Καθηγητής,5159,Foteini Paraskeva (Fotini),IeaP7wIAAAAJ
 Αντώνιος Πασχάλης, Antonios Paschalis,Πληροφοριοκής και Τηλεπικοινωνιών,uoa,Καθηγητής,2249,Antonis Paschalis,q8LRbY4AAAAJ
Βαγγέλης Πάσχος,Vangelis Paschos,Computer Science,University Paris-Dauphine,Καθηγητής,7485,Vangelis Paschos,dCUE-DUAAAAJ
Κωνσταντίνος Παττίχης,Konstantinos Pattichis, Computer Science,University of Cyprus,Καθηγητής,5314,Constantinos S. Pattichis,XPzbiZUAAAAJ
Γεώργιος Παυλίδης,Georgios Pavlidis,Μηχ. Η/Υ & Πληροφορικής,upatras,Καθηγητής,1164,Unknown,Unknown
Νίκος Παυλίδης,Nikos Pavlidis,Management Science,Lancaster University,Αναπληρωτής καθηγητής,27390,Nicos Pavlidis,WyUGbdkAAAAJ
Φωτεινή - Νιόβη Παυλίδου ,Foteini - Niovi Pavlidou ,Ηλεκτρολόγων Μηχ & Μηχ Υπολογιστών,auth,Καθηγητής,10392,Unknown,Unknown
Γεώργιος Παύλου,Georgios Pavlou, Electronic and Electrical Engineering,University College London,Καθηγητής,11268,George Pavlou,OuIZM_0AAAAJ
Κιαμάλ Πεκμεστζή,Kiamal Pekmestzi,Ηλεκτρονικών Μηχ και Μηχ Υπολογιστών,ntua,Καθηγητής,2013,Kiamal Pekmestzi,MVkryn8AAAAJ
 Νικόλαος Πελεκάνος, Nikolaos Pelekanos,Επιστήμηης και Τεχνολογίας Υλικών,uoc,Καθηγητής,7389,Nikos Pelekanos,Uj9w0jUAAAAJ
Νικόλαος Πελέκης,Nikolaos Pelekis,Στατιστικής και Ασφαλιστικής Επιστήμης,unipi,Αναπληρωτής Καθηγητής,23417,Nikos Pelekis,iphQ2EkAAAAJ
Παύλος Πέππας,Pavlos Peppas,Ηλεκτρολόγων Μηχανικών & Τεχνολογίας Υπολογιστών,upatras,Καθηγητής,19540,Pavlos Peppas,44G4locAAAAJ
Σταύρος Περαντώνης,Stavros Perantonis,Ινστιτούτο Πληροφορικής και Τηλεπικοινωνιών,demokritos,Διευθυντής Ερευνών,17487,Stavros Perantonis,y3fDadgAAAAJ
Ευρυπίδης Πετράκης,Evrypidis Petrakis,Ηλεκτρονικών Μηχανικών & Μηχανικών Υπολογιστών,tuc,Καθηγητής,3599,Euripides G.M. Petrakis,avH0gk4AAAAJ
Μιλτιάδης Πετρίδης,Miltiadis Petridis,School of Computing Engineering and Mathematics,Unibersity of Brighton,Καθηγητής,4100,Miltos Petridis,OYxJzq0AAAAJ
Ευαγγελία Πιτουρά,Evangelia Pitoura,Μηχανικών Ηλεκτρονικών Υπολογιστών και Πληροφορικής,uoi,Καθηγητής,4652,Evaggelia Pitoura,3r_xVvkAAAAJ
Ανδρέας Πιτσιλλίδης,Andreas Pitsillidis, Computer Science,University of Cyprus,Καθηγητής,11513,Andreas Pitsillides,-yeSOEwAAAAJ
Δημήτριος Πλεξουσάκης,Dimitrios Plexousakis,Έπιστήμης Υπολογιστών,uoc,Καθηγητής,2191,Dimitris Plexousakis,oY_DnEoAAAAJ
Διονύσιος Πνευματικάτος ,Dionysios Pnevmatikatos ,Ηλεκτρολόγων Μηχανικών και Μηχανικών Υπολογιστών,ntua,Καθηγητής,18599,Dionisios Pnevmatikatos,TKtxe-UAAAAJ
Χρήστος Πολίτης,Christos Politis,"Faculty of Science, Engineering and Computing",Kingston University London,Καθηγητής,1786,Christos Politis,-U99zuEAAAAJ
Γεώργιος  Πολύζος,Georgios  Polyzos,Πληροφορικής,aueb,Καθηγητής,8037,George C. Polyzos,y-Mxxa0AAAAJ
Νεοκλής Πολυζώτης,Neoklis Polyzotis,Επιστήμης Υπολογιστών,University of California Santa Cruz,Καθηγητής,5718,Neoklis Polyzotis,vfIriy4AAAAJ
Αλέξανδρος Ποταμιάνος,Alexandros Potamianos,Ηλεκτρολόγων Μηχανικών και Μηχανικών Υπολογιστών,ntua,Αναπληρωτής Καθηγητής,3760,Alexandros Potamianos,pBQViyUAAAAJ
Γεράσιμος Ποταμιάνος,Gerasimos Potamianos,Ηλεκτρολόγων Μηχανικών και Μηχανικών Υπολογιστών,uth,Αναπληρωτής Καθηγητής,8779,Gerasimos Potamianos,DjcaM1MAAAAJ
Δημήτριος Πουλάκης,Dimitrios Poulakis,Μαθηματικών,auth,Καθηγητής,19745,Unknown,Unknown
Ιωάννης Πρατικάκης,Ioannis Pratikakis,Ηλεκτρολόγων Μηχανικών και Μηχανικών Υπολογιστών,duth,Καθηγητής,17933,Ioannis Pratikakis,lCVokogAAAAJ
Ανδριάνα Πρέντζα,Andriana Prentza,Ψηφιακών Συστημάτων,unipi,Καθηγητής,6222,Unknown,Unknown
Κωνσταντίνος Ραυτόπουλος,Konstantinos Raftopoulos,,Conservatoire National des Arts et Métiers (CNAM),Κύριος Ερευνητής,2262,Unknown,Unknown
Γεώργιος Ραχώνης,Georgios Rachonis,Μαθηματικών,auth,Καθηγητής,19520,Unknown,Unknown
Ιωάννης Ρέκανος,Ioannis Rekanos,Ηλεκτρολόγων Μηχανικών & Μηχανικών Υπολογιστών,auth,Καθηγητής,19355,Ioannis T. Rekanos,tLc8zDcAAAAJ
Συμεών Ρετάλης,Symeon Retalis,Ψηφιακών Συστημάτων,unipi, Καθηγητής,5704,Symeon Retalis,JUX2KJcAAAAJ
Γεώργιος Ροβιθάκης,Georgios Rovithakis,Ηλεκτρολόγων Μηχ και Μηχ Υπολογιστών,auth,Καθηγητής,11104,George A. Rovithakis,fvaSCo0AAAAJ
Βασίλειος Ρόθος,Vasileios Rothos,Μηχανολόγων Μηχανικών,auth,Καθηγητής,6060,Vassilis Rothos,kQ_xRCIAAAAJ
Παναγιώτης Ροντογιάννης,Panagiotis Rontogiannis,Πληροφορικής και Τηλεπικοινωνιών,uoa,Καθηγητής,6836,Panos Rondogiannis,a6x5amYAAAAJ
Εμμανουήλ Ρουμελιώτης,Emmanouil Roumeliotis,Εφαρμοσμένης Πληροφορικής,uom,Καθηγητής,9385,Unknown,Unknown
Αγγελος Ρουσκας,Angelos Rouskas,Ψηφιακών Συστημάτων,unipi,Καθηγητής,2069,Angelos Rouskas,nmpzcwUAAAAJ
Γεώργιος Ρούσκας,Georgios Rouskas,Computer Science,North Carolina State University ,Καθηγητής,516,George N. Rouskas,tmuBOhwAAAAJ
Αντώνιος Σαββίδης,Antonios Savvidis,Επιστήμης Υπολογιστών,uoc,Καθηγητής,10816,Anthony Savidis,m0b5D28AAAAJ
Δημήτριος Σάμψων,Dimitrios Sampson,Ψηφιακών Συστημάτων,unipi,Καθηγητής,1155,Demetrios Sampson,v_IaAIcAAAAJ
Μαρία - Αικατερίνη Σατρατζέμη,Maria - Aikaterini Satratzemi,Εφαρμοσμένης Πληροφορικής,uom,Καθηγητής,5697,Maya Satratzemi,meKnrOkAAAAJ
Κυριάκος Σγάρμπας,Kyriakos Sgarmpas,Ηλεκτρολόγων Μηχανικών και Τεχνολογίας Υπολογιστών,upatras,Αναπληρωτής Καθηγητής,18767,Kyriakos Sgarbas (Κυριάκος Σγάρμπας),TTgOnWAAAAAJ
Βασίλειος Σεβρόγλου,Vasileios Sevroglou,Στατιστικής και Ασφαλιστικής Επιστήμης,unipi,Αναπληρωτής Καθηγητής,17261,Vassilios Sevroglou,K7yLAhEAAAAJ
Τιμολέων Σελλής,Timoleon Sellis,Swinburne University of Technology,Swinburne University of Technology,Καθηγητής,4653,Timos Sellis,G1Iux80AAAAJ
Γεώργιος Σεργιάδης,Georgios Sergiadis,Ηλεκτρολόγων Μηχ & Μηχ Υπολογιστών,auth,Καθηγητής,19216,George Sergiadis,TmGjsAoAAAAJ
Δημήτριος Σερπάνος ,Dimitrios Serpanos ,Ηλεκτρολόγων Μηχ και Τεχνολογίας Υπολογιστών,upatras,Καθηγητής,18500,Dimitrios Serpanos,vblYhbcAAAAJ
Νικόλαος Σιδηρόπουλος,Nikolaos Sidiropoulos, Electrical and Computer Engineering,University of Virginia,Professor,4255,Nikolaos Sidiropoulos,ZOkfkFMAAAAJ
Σπυρίδων Σιούτας,Spyridon Sioutas,Μηχανικών Ηλεκτρονικών Υπολογιστών και Πληροφορικής,upatras,Καθηγητής,6743,Spyros Sioutas,F9-WPBoAAAAJ
Στυλιανός Σίσκος ,Stylianos Siskos ,Φυσικής,auth,Καθηγητής,17844,Stelios Siskos,r26FLSsAAAAJ
Σωτήρης Σκεβούλης,Sotiris Skevoulis,School of Computer Science and Information Systems,Pace University,Kαθηγητής,1723,Sotirios Skevoulis,xDLX2i0AAAAJ
Χαράλαμπος Σκιάνης,Charalampos Skianis,Μηχανικων  Πληροφοριακων Και Επικοινωνιακων Συστηματων,aegean, Καθηγητής,18470,Charalabos Skianis,DEdnDtgAAAAJ
Αθανάσιος Σκόδρας,Athanasios Skodras,Ηλεκτρολόγων Μηχ. & Τεχνολογίας Υπολογιστών,upatras,Καθηγητής,2250,Athanassios Skodras,dFBXodcAAAAJ
Ιωάννης Σμαραγδάκης,Ioannis Smaragdakis,Πληροφορικής και Τηλεπικοινωνιών,uoa,Καθηγητής,3347,Yannis Smaragdakis,XCJuXcgAAAAJ
Μάκης (Γεράσιμος) Σολωμός,Makis (Gerasimos) Solomos,Département de Musique,"Université Paris 8, EMDCM, France",Καθηγητής,6076,Unknown,Unknown
Δημήτριος Σούντρης,Dimitrios Sountris,Ηλεκτρολόγων Μηχανικών & Μηχανικών Υπολογιστών,ntua,Καθηγητής,18456,Dimitrios Soudris,lWuTmpEAAAAJ
Γεώργιος Σπανουδάκης,Georgios Spanoudakis,Computer Science,City University London,Καθηγητής,10542,George Spanoudakis,XQSvrAwAAAAJ
Μαρία Σπηλιοπούλου,Maria Spiliopoulou,Technical and Business Information Systems,Otto-von-Guericke University Magdeburg,Καθηγητής,11496,Myra Spiliopoulou,3r6LmdAAAAAJ
Διομήδης Σπινέλλης,Diomidis Spinellis,Διοικητικής Επιστήμης και Τεχνολογίας,aueb,Καθηγητής,17574,Diomidis Spinellis,RjXNgA8AAAAJ
Κωνσταντίνος Στάθης,Konstantinos Stathis, Computer Science,"Royal Holloway, University of London",Καθηγητής,9780,Kostas Stathis,6Kwf-xkAAAAJ
Ευστάθιος  Σταματάτος ,Efstathios  Stamatatos ,Μηχανικών Πληροφοριακών και Επικοινωνιακών Συστημάτων,aegean,Καθηγητής,6081,Efstathios Stamatatos,xie8sAEAAAAJ
Ιωάννης Σταματίου,Ioannis Stamatiou,Διοίκησης Επιχειρήσεων,upatras,Καθηγητής,3834,Yannis Stamatiou,Uz9SJtgAAAAJ
Παναγιώτης Σταματόπουλος,Panagiotis Stamatopoulos,Πληροφορικής και Τηλεπικοινωνιών,uoa,Επίκουρος Καθηγητής (Μόνιμος),10419,Panagiotis Stamatopoulos,SZ4kZr0AAAAJ
Γεώργιος Στάμου,Georgios Stamou,Ηλεκτρολόγων Μηχ & Μηχ Υπολογιστών,ntua,Αναπληρωτής Καθηγητής,16773,Giorgos Stamou,R3y5dxMAAAAJ
Γεώργιος Σταμούλης,Georgios Stamoulis,Τμήμα Ηλεκτρολόγων Μηχανικών και Μηχανικών Υπολογιστών,uth,Καθηγητής,3733,George Stamoulis,5uRFCLsAAAAJ
Αλεξανδρος  Σταυδάς,Alexandros  Stavdas,Πληροφορικής και Τηλεπικοινωνιών,uop,Καθηγητής,8110,Unknown,Unknown
Ιωάννης  Σταυρακάκης,Ioannis  Stavrakakis,Πληροφορικής & Τηλεπικοινωνιών,uoa,Καθηγητής,10847,Ioannis Stavrakakis,Dh6B_hQAAAAJ
Ανδρέας-Γεώργιος Σταφυλοπάτης,Andreas-Georgios Stafylopatis,Ηλεκτρολόγων Μηχ & Μηχ Υπολογιστών,ntua,Καθηγητής,18625,Unknown,Unknown
Κωνσταντίνος Στεργίου,Konstantinos Stergiou,Μηχανικών Πληροφορικής και Τηλεπικοινωνιών,uowm,Καθηγητής,19516,Kostas Stergiou,Om3gYEYAAAAJ
Λάμπρος Στεργιούλας,Lampros Stergioulas, Business Transformation,University of Surrey,Καθηγητής,163,Lampros Stergioulas,ZGNS6y0AAAAJ
Κωνσταντίνος Στεφανίδης,Konstantinos Stefanidis,Επιστήμης Υπολογιστών,uoc,Καθηγητής,18530,Constantine Stephanidis,EBXa1RQAAAAJ
Ιωάννης Στρατής,Ioannis Stratis,Μαθηματικών,uoa,Καθηγητής,18095,IOANNIS G. STRATIS,hlS6MNcAAAAJ
Ελένη Στρούλια,Eleni Stroulia, Computer Science,University of Alberta,Καθηγητής,2219,Eleni Stroulia,TyM1dLwAAAAJ
Ιωάννης Στυλιανού,Ioannis Stylianou,Επιστήμης Υπολογιστών,uoc,Καθηγητής,9558,Yannis Stylianou,6ZSjpdwAAAAJ
Δημήτριος  Συβρίδης,Dimitrios  Syvridis,Πληροφορικής & Τηλεπικοινωνιών,uoa,Καθηγητής,9533,Dimitris Syvridis,eTLulVMAAAAJ
Ευστάθιος  Συκάς,Efstathios  Sykas,Ηλεκτρολόγων Μηχ & Μηχ Υπολογιστών,ntua,Καθηγητής,19447,Unknown,Unknown
Αντώνιος Συμβώνης,Antonios Symvonis,Εφαρμοσμένων Μαθηματικών και Φυσικών Επιστημών,ntua,Καθηγητής,19932,Antonios Symvonis,EHH_0W8AAAAJ
Ανδρέας Συμεωνίδης,Andreas Symeonidis,Ηλεκτρολόγων Μηχ & Μηχ Υπολογιστών,auth,Αναπληρωτής Καθηγητής,19319,Andreas L. Symeonidis,339uVZQAAAAJ
Γεώργιος Συρακούλης,Georgios Syrakoulis,Ηλεκτρολόγων Μηχ & Μηχ Η/Υ,duth,Καθηγητής,1354,Georgios Ch. Sirakoulis,WhBartYAAAAJ
Βασίλειος Σύρης,Vasileios Syris,Πληροφορικής,aueb,Καθηγητής,19845,Vasilios A. Siris,Vj3O0cEAAAAJ
Μιχαήλ Σφακιανάκης,Michail Sfakianakis,Οργάνωσης και Διοίκησης Επιχειρήσεων,unipi,Καθηγητής,8003,Unknown,Unknown
Χρίστος Σχίζας,Christos Schizas,Computer Science,University of Cyprus,Καθηγητής,2728,Christos N. Schizas,RrUhoesAAAAJ
Παύλος - Πέτρος Σωτηριάδης,Pavlos - Petros Sotiriadis,Ηλεκτρολόγων Μηχ & Μηχ Υπολογιστών,ntua,Καθηγητής,4578,Paul Sotiriadis,UtDXmH8AAAAJ
Κωνσταντίνος Ταραμπάνης,Konstantinos Tarampanis,Οργάνωσης και Διοίκησης Επιχειρήσεων,uom,Καθηγητής,19611,Konstantinos Tarabanis,4Er0PfgAAAAJ
Μιχαήλ Ταρουδάκης,Michail Taroudakis,Μαθηματικών και Εφαρμοσμένων Μαθηματικών,uoc,Καθηγητής,9652,Michael Taroudakis,dvcyLcQAAAAJ
Γεώργιος Τζανετάκης,Georgios Tzanetakis, Computer Science,"University of Victoria, Canada",Καθηγητής,384,George Tzanetakis,yPgxxpwAAAAJ
Ελπίδα Τζαφέστα,Elpida Tzafesta,Ιστορίας και Φιλοσοφίας της Επιστήμης,uoa,Αναπληρωτής Καθηγητής,6163,Unknown,Unknown
Αθανάσιος Τζιμογιάννης,Athanasios Tzimogiannis,Κοινωνικής & Εκπαιδευτικής Πολιτικής,uop,Καθηγητής,5404,Athanassios Jimoyiannis,-rBR13oAAAAJ
Γεώργιος Τζιρίτας,Georgios Tziritas,Επιστήμης Υπολογιστών,uoc,Καθηγητής,4745,Georgios Tziritas,mIh2JWAAAAAJ
 Δημήτριος Τζοβάρας , Dimitrios Tzovaras ,Ινστιτούτο Τεχνολογιών Πληροφορικής και Επικοινωνιών,certh,Διευθυντής Ερευνών,18358,Dimitrios Tzovaras,bZZYuE0AAAAJ
Θεόδωρος Τζουραμάνης,Theodoros Tzouramanis,Πληροφορική με Εφαρμογές στη Βιοϊατρική,uth,Επίκουρος Καθηγητής (Μόνιμος),1166,Theodoros Tzouramanis,Csb5gNYAAAAJ
Στυλιανός  Τζωρτζάκης,Stylianos  Tzortzakis,Επιστήμης και Τεχνολογίας Υλικών,uoc,Καθηγητής,9644,Stelios Tzortzakis,nMJ0DjAAAAAJ
Ιωάννης Τιγκελης ,Ioannis Tigkelis ,Φυσικής,uoa,Καθηγητής,18131,Ioannis Tigelis,9CBNSZsAAAAJ
Ιωάννης Τόλλης,Ioannis Tollis,Επιστήμης Υπολογιστών,uoc,Καθηγητής,18418,Ioannis G. Tollis,KmWfVqoAAAAJ
Γεώργιος Τόμπρας ,Georgios Tompras ,Φυσικής,uoa,Καθηγητής,11382,George Tombras,X0y8TooAAAAJ
Γιώργος Τουρλάκης,Giorgos Tourlakis,Department of Electrical Engineering and Computer Science,York University,Καθηγητής,7037,george tourlakis,ubosF3IAAAAJ
 Παναγιώτης Τραχανιάς , Panagiotis Trachanias ,Επιστήμης Υπολογιστών,uoc,Καθηγητής,9346,Panos Trahanias,MwSYJxsAAAAJ
Παναγιώτης Τσακαλίδης,Panagiotis Tsakalidis,Επιστήμης Υπολογιστών,uoc,Καθηγητής,4141,Panagiotis Tsakalides,hSdkUuwAAAAJ
Φίλιππος Τσαλίδης,Filippos Tsalidis,Ηλεκτρολόγων Μηχ. & Μηχ. Υπολογιστών ,duth,Καθηγητής,10999,Philippos Tsalides,xRpwVsoAAAAJ
Ιωάννης Τσαμαρδίνος,Ioannis Tsamardinos,Επιστήμης Υπολογιστών,uoc,Καθηγητής,5078,Ioannis Tsamardinos,7fendUwAAAAJ
Παναγιώτης Τσανάκας,Panagiotis Tsanakas,Ηλεκτρολόγων Μηχ.& Μηχ. Υπολογιστών  ,ntua,Καθηγητής,19188,Panayiotis Tsanakas,UdV8-qIAAAAJ
Βασίλειος Τσαουσίδης,Vasileios Tsaousidis,Ηλεκτρολόγων Μηχ.& Μηχ Η/Υ,duth,Καθηγητής,5340,vassilis tsaoussidis,m3AXAvcAAAAJ
Παναγιώτης Τσαπάρας,Panagiotis Tsaparas,Μηχανικών Ηλεκτρονικών Υπολογιστών και Πληροφορικής,uoi,Αναπληρωτής Καθηγητής,6621,Panayiotis Tsaparas,Rmds8IcAAAAJ
Νικόλας Τσαπατσούλης,Nikolas Tsapatsoulis, Communication and Internet Studies,cut, Καθηγητής,9900,Nicolas Tsapatsoulis,HGKpT4MAAAAJ
Γεώργιος Τσιατούχας,Georgios Tsiatouchas,Μηχανικών Ηλεκτρονικών Υπολογιστών και Πληροφορικής,uoi,Καθηγητής,4752,Yiorgos Tsiatouhas,gHsE8pYAAAAJ
Κωνσταντίνος Τσίχλας,Konstantinos Tsichlas,Μηχανικών Ηλεκτρονικών Υπολογιστών και Πληροφορικής,upatras,Επίκουρος Καθηγητής (Μόνιμος),22141,Kostas Tsichlas,-KUXfxsAAAAJ
Γεώργιος Τσιχριντζής,Georgios Tsichrintzis,Πληροφορικής,unipi,Καθηγητής,11000,George A Tsihrintzis,QUC1ebEAAAAJ
 Δημήτριος  Τσουκαλάς, Dimitrios  Tsoukalas,Εφαρμοσμένων Μαθηματικών & Φυσικών Επιστημών,ntua,Καθηγητής,19738,Dimitris Tsoukalas,4hv-l94AAAAJ
Δημήτριος Τσουμάκος,Dimitrios Tsoumakos,ΗΛΕΚΤΡΟΛΟΓΩΝ ΜΗΧΑΝΙΚΩΝ ΚΑΙ ΜΗΧΑΝΙΚΩΝ ΥΠΟΛΟΓΙΣΤΩΝ,ntua,Αναπληρωτής Καθηγητής,6960,Dimitrios Tsoumakos,IS2FI1oAAAAJ
Αθανάσιος Τυροπάνης,Athanasios Tyropanis,School of Electronics and Computer Science,University of Southampton,Αναπληρωτής Καθηγητής,54,Thanassis Tiropanis,T0MK3pUAAAAJ
Παναγιώτα Φατούρου,Panagiota Fatourou,Επιστήμης Υπολογιστών,uoc,Καθηγήτρια,9534,Panagiota Fatourou,ZgHRkcUAAAAJ
Γεώργιος Φικιώρης,Georgios Fikioris,Ηλεκτρολόγων Μηχανικών & Μηχανικών Υπολογιστών,ntua,Καθηγητής,17895,George Fikioris,q2lX-zgAAAAJ
Άννα Φιλίππου,Anna Filippou,Πληροφορικής,University of Cyprus,Αναπληρωτής Καθηγητής,6899,Anna Philippou,Yk7t7mEAAAAJ
Ανδρέας Φλώρος ,Andreas Floros ,Τεχνών Ήχου και Εικόνας,ionio,Καθηγητής,18999,Andreas Floros,mb7ezlMAAAAJ
 Ιωάννης Φούντος , Ioannis Fountos ,Μηχανικών Ηλεκτρονικών Υπολογιστών & Πληροφορικής,uoi,Καθηγητής,265,Ioannis Fudos,sx3Y4NsAAAAJ
Ευγενία Φουστούκου,Evgenia Foustoukou,Πληροφορικής,aueb,Επίκουρος Καθηγητής (Μόνιμος),3689,Eugenie Foustoucos,5mes4FYAAAAJ
Δημήτριος Φραντζεσκάκης ,Dimitrios Frantzeskakis ,Φυσικής,uoa,Καθηγητής,18518,Dimitri Frantzeskakis,Iu51sgYAAAAJ
Δημήτριος Φωτάκης,Dimitrios Fotakis,Ηλεκτρολόγων Μηχανικών & Μηχανικών Υπολογιστών,ntua,Αναπληρωτής Καθηγητής,15257,Dimitris Fotakis,zFDLf0UAAAAJ
Γεώργιος Χαλκιαδάκης,Georgios Chalkiadakis,Ηλεκτρολόγων Μηχανικών & Μηχανικών Υπολογιστών,tuc,Αναπληρωτής Καθηγητής,19169,Georgios Chalkiadakis,KdYD5-cAAAAJ
Μαρία Χαλκίδη,Maria Chalkidi,Ψηφιακών Συστημάτων,unipi,Αναπληρωτής Καθηγητής,2891,M Halkidi,FknZ1Q8AAAAJ
Αντώνης Χαραλαμπόπουλος,Antonis Charalampopoulos,Εφαρμοσμένων Μαθηματικών & Φυσικών Επιστημών,ntua,Καθηγητής,3667,Antonios Charalambopoulos,VOpTcaMAAAAJ
Αλέξανδρος Χατζηγεωργίου,Alexandros Chatzigeorgiou,Εφαρμοσμένης Πληροφορικής,uom,Καθηγητής,7433,Alexander Chatzigeorgiou,D4ixXl8AAAAJ
Άρτεμις - Γεωργία Χατζηγεωργίου,Artemis - Georgia Chatzigeorgiou,Πληροφορικής με Εφαρμογές στη Βιοϊατρική ,uth,Καθηγητής,19058,Artemis Hatzigeorgiou,iGhiEpEAAAAJ
Ευριπίδης Χατζηκρανιώτης,Evripidis Chatzikraniotis,Φυσικής,auth,Καθηγητής,9997,E Hatzikraniotis,K5h2ihoAAAAJ
Θανάσης Χατζηλάκος,Thanasis Chatzilakos,Πληροφοριακά Συστήματα,ouc,Καθηγητής,1632,Thanasis Hadzilacos,01kuev4AAAAJ
Βάσος Χατζηλάκος,Vasos Chatzilakos,Επιστήμης Υπολογιστών,University of Toronto,Καθηγητής,9285,Unknown,Unknown
Λεόντιος Χατζηλεοντιάδης,Leontios Chatzileontiadis,Ηλεκτρολόγων Μηχ & Μηχ Υπολογιστών,auth,Καθηγητής,17409,Leontios J. Hadjileontiadis,OfAkcXkAAAAJ
Ιωάννης Χατζηλυγερούδης,Ioannis Chatzilygeroudis,Μηχανικών Ηλεκτρονικών Υπολογιστών και Πληροφορικής,upatras,Καθηγητής,10476,Ioannis Hatzilygeroudis,RPWrgsgAAAAJ
Αλκιβιάδης Χατζόπουλος ,Alkiviadis Chatzopoulos ,ΗΜΜΥ,auth,Καθηγητής,18940,Unknown,Unknown
Ευθύμιος Χούσος,Efthymios Chousos,Ηλεκτρολόγων Μηχανικών και Τεχνολογίας Υπολογιστών,upatras,Καθηγητής,2753,Efthymios Housos,nmB_QBoAAAAJ
Βασίλης Χριστοφίδης,Vasilis Christofidis,Επιστήμης Υπολογιστών,uoc,Καθηγητής,6780,Vassilis Christophides,MdUjsa8AAAAJ
Κωνσταντίνος Χρυσαφίνος,Konstantinos Chrysafinos,Εφαρμοσμένων Μαθηματικών και Φυσικών Επιστημών,ntua,Αναπληρωτής Καθηγητής,23527,Unknown,Unknown
Βασίλειος Χρυσικόπουλος,Vasileios Chrysikopoulos,Πληροφορικής,ionio,Καθηγητής,4753,Unknown,Unknown
Θεόδωρος Χωρίκης,Theodoros Chorikis,Μαθηματικών,uoi,Καθηγητής,9969,Theodoros Horikis,9VDoWOEAAAAJ
Εμμανουήλ Ψαράκης,Emmanouil Psarakis,Μηχανικών Ηλεκτρονικών Υπολογιστών και Πληροφορικής,upatras,Αναπληρωτής Καθηγητής,1032,Emmanouil Psarakis,gqDlpycAAAAJ
Ιωάννης Ψαρράς,Ioannis Psarras,Ηλεκτρολόγων Μηχανικών & Μηχανικών Υπολογιστών,ntua,Καθηγητής,17431,John Psarras,AMoT_2wAAAAJ
Κων/νος Ψυχαλίνος ,Kon/nos Psychalinos ,Φυσικής,upatras,Καθηγητής,18360,Costas Psychalinos,05wUSN4AAAAJ
