name,romanize name,School-Department,University,Rank,Apella_id,Scholar name,Scholar id
 Yannis Aloimonos, Yannis Aloimonos, Computer Science,University of Maryland,Καθηγητής,1297,Aloimonos,7QmEsOwAAAAJ
Grigorios Antoniou,Grigorios Antoniou,Computing and Engineering,University of Huddersfield,Καθηγητής,3297,Grigoris Antoniou,IzsVWfEAAAAJ
Paris Avgeriou,Paris Avgeriou,Johann Bernoulli Institute for Mathematics and Computer Science,University of Groningen,Καθηγητής,6029,Paris Avgeriou,OlYdiYMAAAAJ
George Bebis,George Bebis, Computer Science and Engineering,University of Nevada,Καθηγητής,2504,George Bebis,-uRoVEUAAAAJ
Konstantinos Danas,Konstantinos Danas,Computer Science & Mathematics,"Kingston University, London",Καθηγητής,11148,Kostas (Konstantinos) Danas,0I7D4_AAAAAJ
Ioannis Dimitriadis,Ioannis Dimitriadis,School of Telecommunications Engineering,"University of Valladolid, Spain",Καθηγητής,1291,Yannis Dimitriadis,H2UM46MAAAAJ&hl=fr
Petros Drineas,Petros Drineas,Computer Science,Rensselaer Polytechnic Institute,Αναπληρωτής Καθηγητής,6835,Petros Drineas,Yw2PquQAAAAJ
Theodoros Evgeniou,Theodoros Evgeniou, Decision Sciences and Technology Management,Insead,Καθηγητής,7818,Theodoros Evgeniou,GEbzNGIAAAAJ
Dimitri  Ioannou,Dimitri  Ioannou,ECE ,"George Mason University, VA, USA",Καθηγητής,5548,Dimitris Ioannou,MP4yuEAAAAAJ
Ioannis Kakadiaris,Ioannis Kakadiaris,Computational Biomedicine Lab.,University of Houston,Καθηγητής,104,Ioannis A. Kakadiaris,36SCzI0AAAAJ
Antonis Kakas,Antonis Kakas,Πληροφορικής,University of Cyprus,Καθηγητής,1421,Antonis Kakas,PrU4wEsAAAAJ
Bill Kapralos,Bill Kapralos,Business and Information Technology ,University of Ontario Institute of Technology,Καθηγητής,1070,Bill Kapralos,Gud0RdcAAAAJ
Dimitris Karagiannis,Dimitris Karagiannis,Computer Science,University of Vienna,Καθηγητής,5128,Dimitri Karagiannis,Rk8gezYAAAAJ
George Karakostas,George Karakostas, Computing & Software,McMaster University,Αναπληρωτής Καθηγητής,6849,George Karakostas,qaT9cxAAAAAJ
Vasilios Katos,Vasilios Katos,Computing & Informatics,Bournemouth College,Καθηγητής,949,Vasilios Katos,MkuiHIAAAAAJ
Lydia Kavraki,Lydia Kavraki,"Electrical Engineering, Bioengineering and Mechanical Engineering",Rice University Huston,Καθηγητής,10716,Lydia E. Kavraki,Q6pxNZYAAAAJ
Vassilis Kostakos,Vassilis Kostakos,School of Computing and Information Systems,University of Melbourne,Καθηγητής,2668,Vassilis Kostakos,JnWGV4kAAAAJ
Panos Linos,Panos Linos,Computer Science and Software Engineering,Butler University,Καθηγητής,488,Athena Linos,M7y30LwAAAAJ
Pericles Loucopoulos,Pericles Loucopoulos,Business School,University of Manchester,Καθηγητής,851,Pericles Loucopoulos,dPPT_pAAAAAJ
Spiros Mancoridis,Spiros Mancoridis,Computer Science,Drexel University,Καθηγητής,5271,Spiros Mancoridis,bKGwUrQAAAAJ
Athanasios Manikas,Athanasios Manikas,Electrical and Electronic Engineering,Imperial College,Professor,6500,athanassios manikas,294QJkAAAAAJ
Andreas Moshovos,Andreas Moshovos, Electrical and Computer Engineering,University of Toronto,Καθηγητής,7924,Andreas Moshovos,D2VLt-8AAAAJ
Themis Palpanas,Themis Palpanas,Computer Science,Paris Descartes University,Καθηγητής,10115,Themis Palpanas,qUBdmWgAAAAJ
 Thrasyvoulos Pappas, Thrasyvoulos Pappas, Electrical Engineering and Computer Science,Northwestern University,Καθηγητής,1911,Thrasyvoulos Pappas,FdtIIgkAAAAJ
 Konstantinos Plataniotis, Konstantinos Plataniotis, Electrical and Computer Engineering,University of Toronto,Καθηγητής,9137,Konstantinos N Plataniotis,W-4N_2gAAAAJ
Panayiota Poirazi,Panayiota Poirazi,Ινστιτούτο Μοριακής Βιολογίας και Βιοτεχνολογίας,ITE,Διευθυντής Ερευνών,18797,Panayiota Poirazi,7IidNJMAAAAJ
Dimitra  Simeonidou,Dimitra  Simeonidou,f Electrical & Electronic Engineering,University of Bristol,Καθηγητής,5462,"Dimitra Simeonidou FREng, FIEEE",DppopzYAAAAJ
Tania Stathaki,Tania Stathaki,Electrical and Electronic Engineering,Imperial College,Αναπληρωτής Καθηγητής,5624,Tania Stathaki,sAB5gI8AAAAJ
Katia Sycara,Katia Sycara,Computer Science,Carnegie Mellon University,Καθηγητής,9864,Katia Sycara,VWv6a9kAAAAJ
 John Tsotsos, John Tsotsos,Electrical Engineering and Computer Science,York University,Καθηγητής,9059,John K. Tsotsos,Ic6ZXhUAAAAJ
Nicolas Vayatis,Nicolas Vayatis,"
Mathematics Research Teaching ",ENS Cachan / CMLA,Καθηγητής,2897,Nicolas Vayatis,IsPkE1wAAAAJ&hl=fr
Charalambos Vrasidas,Charalambos Vrasidas,School of Education,"Cardet - University of Nicosia, Cyprus",Καθηγητής,3266,Charalambos Vrasidas,bcAshfkAAAAJ
George Zouridakis,George Zouridakis,Engineering Technology,University of Houston,Καθηγητής,10132,George Zouridakis,1tQZV14AAAAJ
Νικόλαος Αβούρης,Nikolaos Avouris,Ηλεκτρολόγων Μηχανικών & Τεχνολογίας Υπολογιστών,upatras,Καθηγητής,17657,Nikolaos Avouris,FwuKA4UAAAAJ
Ηρακλής  Αβραμόπουλος,Iraklis  Avramopoulos,Ηλεκτρολόγων Μηχ & Μηχ Υπολογιστών,ntua,Καθηγητής,17892,Hercules Avramopoulos,hf2txgMAAAAJ
Χαρούλα Αγγέλη,Charoula Angeli, Education,ucy,Καθηγητής,1884,Charoula Angeli,3eOMkcUAAAAJ
Παντελής Αγγελίδης,Pantelis Angelidis,Μηχανικών Πληροφορικής & Τηλεπικοινωνιών,uowm,Καθηγητής,19621,Pantelis Angelidis,a_6ka4oAAAAJ
Κωνσταντινος Μαριος Αγγελοπουλος,Konstantinos Marios Angelopoulos,"
 Computing & Informatics",Bournemouth University,Επίκουρος Καθηγητής (Μόνιμος),20799,Constantinos Marios Angelopoulos,iQr8D8UAAAAJ
Κων/νος Αϊδίνης ,Kon/nos Aidinis ,Φυσικής,uoa,Αναπληρωτής Καθηγητής,132,Ioannis Kassaras,NAs-snQAAAAJ
Παναγιώτης Αλεβίζος,Panagiotis Alevizos,Μαθηματικών,upatras,Αναπληρωτής Καθηγητής,23939,Panagiotis D. Alevizos,i6uX5zUAAAAJ
Γεώργιος Αλεξίου ,Georgios Alexiou ,Μηχ. Η/Υ & Πληροφορικής ,Παν/μιο Πατρών,Καθηγητής,17242,GEORGE ALEXIOU,rwjwvTUAAAAJ
Αντώνιος Αλετράς,Antonios Aletras,Ιατρικής,auth,Καθηγητής,19178,Anthony H. Aletras,1O0vvE0AAAAJ
Ιωάννης Αναγνωστόπουλος,Ioannis Anagnostopoulos,Πληροφορικής με Εφαρμογές στη Βιοϊατρική ,uth,Καθηγητής,13705,Ioannis Anagnostopoulos,9UBJ4QEAAAAJ
Μιλτιάδης  Αναγνώστου,Miltiadis  Anagnostou,Ηλεκτρολόγων Μηχ & Μηχ Υπολογιστών,ntua,Καθηγητής,19482,Miltiades E. Anagnostou,pvThzK0AAAAJ
Βασίλειος Αναστασόπουλος,Vasileios Anastasopoulos,Φυσικής,upatras,Καθηγητής,17596,Nikolaos Anastasopoulos,qMDzbfUAAAAJ
Ιωάννης Ανδρεάδης ,Ioannis Andreadis ,Ηλεκτρολόγων Μηχ & Μηχ Υπολογιστών,duth,Καθηγητής,6006,Ioannis Andreadis,3wMEVMMAAAAJ
Ανδρέας Ανδρέου,Andreas Andreou,Τμήμα Ηλεκτρολόγων Μηχανικών και Τεχνολογιών Πληροφορικής,cut, Καθηγητής,9921,Andreas Andreou,CqlJG_IAAAAJ
Μαργκερίτα Αντόνα,Margkerita Antona,Ινστιτούτο Πληροφορικής,forth,Κύριος Ερευνητής,19203,Margherita Antona,BSrpFJgAAAAJ
Ιωάννης Αντωνίου,Ioannis Antoniou,Μαθηματικών,auth,Καθηγητής,7651,Ioannis E. Antoniou,UMPx3MAAAAAJ
Χρήστος Αντωνόπουλος,Christos Antonopoulos,Ηλεκτρολόγων Μηχανικών & Μηχανικών Υπολογιστών,auth,Καθηγητής,18399,Christos D. Antonopoulos,lVnr8WYAAAAJ
Θεόδωρος  Αποστολόπουλος,Theodoros  Apostolopoulos,Πληροφορικής,aueb,Καθηγητής,19284,Theodore Apostolopoulos,WTg8mXoAAAAJ
Αντώνιος Αργυρός ,Antonios Argyros ,Επιστήμης Υπολογιστών,uoc,Καθηγητής,18605,Antonis Argyros,9OieklkAAAAJ
Δημήτριος Αχλιόπτας,Dimitrios Achlioptas,Πληροφορικής και Επικοινωνιών,uoa,Καθηγητής,19967,Dimitris Achlioptas,GBQ6w8IAAAAJ
Μιχαήλ Βαζιργιάννης,Michail Vazirgiannis,Πληροφορικής,aueb,Καθηγητής,3631,Michail Chatzianastasis,e0HbE2YAAAAJ
Εμμανουήλ  Βαρβαρίγος,Emmanouil  Varvarigos,Ηλεκτρολόγων Μηχανικών & Μηχανικών Υπολογιστών,ntua,Καθηγητής,19579,Emmanouel (Manos) Varvarigos,vqtH65oAAAAJ
Θεοδώρα Βαρβαρίγου,Theodora Varvarigou,Σχολή Ηλεκτρολόγων Μηχ. & Μηχ . Υπολογιστών,ntua,Καθηγητής,1699,Theodora Varvarigou,kueSeb4AAAAJ
Ηρακλής Βαρλάμης,Iraklis Varlamis,Πληροφορικής &Τηλεματικής,hua,Αναπληρωτής Καθηγητής,21827,Iraklis Varlamis,SUyTkTAAAAAJ
Δημήτριος Βάρσος,Dimitrios Varsos,Μαθηματικών,uoa,Καθηγητής,4679,Unknown,Unknown
Μιχαήλ Βασιλακόπουλος,Michail Vasilakopoulos,Ηλεκτρολόγων Μηχανικών & Μηχανικών Υπολογιστών,uth,Αναπληρωτής Καθηγητής,19189,Michael Vassilakopoulos,A1mijQ8AAAAJ
Γεώργιος Βασιλακόπουλος,Georgios Vasilakopoulos,Ψηφιακών Συστημάτων,unipi,Καθηγητής,6676,Paris Vasilakopoulos,XI5HOegAAAAJ
Παναγιώτης Βασιλειάδης,Panagiotis Vasileiadis,Μηχ Ηλεκτρονικών Υπολογιστών και Πληροφορικής,uoi,Καθηγητής,10082,Panagiotis Ilia,gFjRToUAAAAJ
Βασίλειος Βασσάλος,Vasileios Vassalos,Πληροφορικής,aueb,Καθηγητής,19804,Vasilis Vassalos,oaM-d7QAAAAJ
Ανδρέας Βενέρης,Andreas Veneris,ECE ,"University of Toronto, Canada",Καθηγητής,7637,Andreas Veneris,ItQhxCkAAAAJ
Ιάκωβος  Βενιέρης,Iakovos  Venieris,Ηλεκτρολόγων Μηχ & Μηχ Υπολογιστών,ntua,Καθηγητής,18531,Iakovos S. Venieris,Q0ylKvEAAAAJ
Δημητριος  Βέργαδος,Dimitrios  Vergados,Πληροφορικής ,unipi, Καθηγητής,4514,Dimitrios D. Vergados,bP0fRIEAAAAJ
Χαρίδημος  Βέργος,Charidimos  Vergos,Μηχ. Η/Υ & Πληροφορικής ,upatras,Καθηγητής,18796,Haridimos T. Vergos,dYOrcUIAAAAJ
Βασίλειος Βερύκιος,Vasileios Verykios,θετικών Επιστημων και Τεχνολογίας,eap,Καθηγητής,17293,Vassilios Verykios,Md2HV1cAAAAJ
Μαρία  Βίρβου,Maria  Virvou,Πληροφορικής,unipi,Καθηγητής,8347,Maria Virvou,Ce6s_FoAAAAJ
Θεόδωρος Βλάχος,Theodoros Vlachos,Τεχνών Ήχου και Εικόνας,ionio,Αναπληρωτής Καθηγητής,988,Theodoros Vlachos,IZwwCmwAAAAJ
Κυριάκος Βλάχος,Kyriakos Vlachos,Μηχανικών Ηλεκτρονικών Υπολογιστών & Πληροφορικής,upatras,Αναπληρωτής Καθηγητής,17723,Kyriakos Vlachos,dwzqmcQAAAAJ
Σπυρίδων Βοσινάκης,Spyridon Vosinakis,Μηχανικών Σχεδίασης Προϊόντων και Συστημάτων,aegean,Αναπληρωτής Καθηγητής,4839,Spyros Vosinakis,KjA46lQAAAAJ
Δημοσθενης Βουγιουκας ,Dimosthenis Vougioukas ,Μηχανικων  Πληροφοριακων Και Επικοινωνιακων Συστηματων,aegean,Καθηγητής,19519,Unknown,Unknown
Γεώργιος Βούρος,Georgios Vouros,Ψηφιακών Συστημάτων,unipi,Καθηγητής,9884,George Vouros,PBX9aQUAAAAJ
Μιχαήλ Βραχάτης,Michail Vrachatis,Μαθηματικών,upatras,Καθηγητής,17224,Michael N. Vrahatis   (Greek: Μιχαήλ Ν. Βραχάτης),3mQhqcsAAAAJ
Δαμιανός Γαβαλάς,Damianos Gavalas,Μηχανικών Σχεδίασης Προϊόντων και Συστημάτων,aegean,Καθηγητής,6964,Damianos Gavalas,8kYj-SsAAAAJ
Ευστράτιος Γαλλόπουλος,Efstratios Gallopoulos,Μηχανικών Η/Υ & Πληροφορικής,upatras,Καθηγητής,1041,Efstratios Gallopoulos,WhMzaJwAAAAJ
Θεόδουλος Γαρεφαλάκης,Theodoulos Garefalakis,Μαθηματικών & Εφαρμοσμένων Μαθηματικών,uoc,Καθηγητής,19418,Theo Garefalakis,O5CqgoUAAAAJ
Ιωάννης Γαροφαλάκης,Ioannis Garofalakis,Μηχανικών Ηλεκτρονικών Υπολογιστών & Πληροφορικής,upatras,Καθηγητής,9360,John Garofalakis,Lu6f_-wAAAAJ
Μίνως Γαροφαλάκης,Minos Garofalakis,Ηλεκτρονικών Μηχ και Μηχ Υπολογιστών,tuc,Καθηγητής,3674,Minos Garofalakis,WemX9rAAAAAJ
Αντώνιος Γαστεράτος,Antonios Gasteratos,Μηχανικών Παραγωγής και  Διοίκησης,duth,Καθηγητής,1794,Antonios Gasteratos,ZzxSO8QAAAAJ
Τασούλα Γεωργάκη,Tasoula Georgaki,Μουσικών Σπουδών,uoa, Καθηγητής,18329,anastasia Georgaki,1Q9pOAIAAAAJ
Γιώργος Γεωργακόπουλος,Giorgos Georgakopoulos,Επιστήμης Υπολογιστών,uoc,Αναπληρωτής Καθηγητής,7075,George Georgakopoulos,AkCowUsAAAAJ
Λεωνίδας Γεωργιάδης,Leonidas Georgiadis,Ηλεκτρολόγων Μηχ & Μηχ Υπολογιστών ,auth,Καθηγητής,6050,Leonidas Georgiadis,GjFfiVwAAAAJ
Νικόλαος Γεωργουλάς ,Nikolaos Georgoulas ,Ηλεκτρολόγων Μηχανικών και Μηχανικών Υπολογιστών,duth,Καθηγητής,2974,Nikolaos Georgoulas,tqxUr4oAAAAJ
Εμμανουήλ Γιακουμάκης,Emmanouil Giakoumakis,Επιστημών και Τεχνολογίας της Πληροφορίας,aueb,Καθηγητής,8268,Emm. Giakoumakis,X3EmbHYAAAAJ
Αθανάσιος Γιαννακόπουλος,Athanasios Giannakopoulos,Στατιστικής,aueb,Καθηγητής,17551,"Antonios Giannakopoulos, PhD",Goa2auQAAAAJ
Τραιανός Γιούλτσης,Traianos Gioultsis,Ηλεκτρολόγων Μηχ & Μηχ Υπολογιστών,auth,Καθηγητής,18133,Traianos Yioultsis,PvzNtsQAAAAJ
Δημήτριος Γκιζόπουλος,Dimitrios Gkizopoulos,Πληροφορικής και Τηλεπικοινωνιών,uoa,Καθηγητής,18398,Dimitris Gizopoulos,8V03GF4AAAAJ
Δρόσος Γκιντίδης,Drosos Gkintidis,Εφαρμοσμένων Μαθηματικών & Φυσικών Επιστημών,ntua,Καθηγητής,17630,Drossos Gintides,iThPi7sAAAAJ
Δημήτριος Γκρίτζαλης,Dimitrios Gkritzalis,Πληροφορικής,aueb,Καθηγητής,8292,Dimitris A. Gritzalis,5hIalXgAAAAJ
Στέφανος Γκρίτζαλης,Stefanos Gkritzalis,Ψηφιακών Συστημάτων,unipi,Καθηγητής,18870,Stefanos Gritzalis,VCU5CYYAAAAJ
Γεώργιος-Όθων Γλεντής,Georgios-Othon Glentis,Πληροφορικής και Τηλεπικοινωνιών,uop,Καθηγητής,9433,George Glentis,xPq5hU0AAAAJ
Δημητριος  Γουνόπουλος,Dimitrios  Gounopoulos,Πληροφορικής και Τηλεπικοινωνιών,uoa,Καθηγητής,6445,Dimitrios Gounopoulos,HdaAdOcAAAAJ&hl=th
Νικόλαος Γραμμαλίδης,Nikolaos Grammalidis,Ινστιτούτο Τεχνολογιών Πληροφορικής και Επικοινωνιών,certh,Κύριος Ερευνητής,19358,Nikos Grammalidis,PIKpPjoAAAAJ
Θεόδωρος Δαλαμάγκας,Theodoros Dalamagkas,Ινστιτούτο Πληροφοριακών Συστημάτων,athena-innovation,Διευθυντής Ερευνών,17708,Unknown,Unknown
Κώστας Δανιηλίδης,Kostas Daniilidis, Computer and Information Science ,University of Pennsylvania,Καθηγητής,4678,Kostas Daniilidis,dGs2BcIAAAAJ
Μιχαήλ Δεβετσικιώτης - Χατζηνικολάου,Michail Devetsikiotis - Chatzinikolaou,Electrical and Computer Engineering,North Carolina State University,Καθηγητής,11511,Michael Devetsikiotis,G5hjq5EAAAAJ
Αλέξιος Δελής,Alexios Delis,Πληροφροικής & Τηλεπικοινωνιών,uoa,Καθηγητής,19716,Alexandros Antoniadis,MxzplDsAAAAJ
Παναγιώτης Δεμέστιχας,Panagiotis Demestichas,Ψηφιακών Συστημάτων,unipi,Καθηγητής,6554,Panagiotis Demestichas,0TYLd78AAAAJ
Αργύριος Δέντσορας,Argyrios Dentsoras,Μηχανολόγων & Αεροναυπηγών Μηχανικών,upatras,Καθηγητής,10991,Argyris Dentsoras,V6BwW20AAAAJ
Ευάγγελος Δερματάς,Evangelos Dermatas,"Τμήματος Μηχανικών
Ηλεκτρονικών Υπολογιστών και Πληροφορικής",upatras,Αναπληρωτής Καθηγητής,4803,,
Βασίλειος Δημακόπουλος ,Vasileios Dimakopoulos ,Μηχανικών Ηλεκτρονικών Υπολογιστών & Πληροφορικής,uoi,Αναπληρωτής Καθηγητής,522,,
Ευθαλία Δημαρά,Efthalia Dimara,Οικονομικών Επιστημών,upatras,Καθηγητής,8393,,
Αγγελική Δημητρακοπούλου,Angeliki Dimitrakopoulou,Επιστημών Προσχολικής Αγωγής &  Εκπαιδευτικού Σχεδιασμού,aegean,Καθηγητής,4399,,
Ιωάννης Δημόπουλος,Ioannis Dimopoulos,Πληροφορικής,University of Cyprus,Καθηγητής,1879,,
Νικόλαος Διαμαντής,Nikolaos Diamantis,School of Mathematical Science,University of Nottingham,Αναπληρωτής Καθηγητής,2863,,
Βασίλειος Διγαλάκης,Vasileios Digalakis,Ηλεκτρολόγων Μηχ & Μηχ Υπολογιστών,tuc,Καθηγητής,4463,,
Απόστολος Δόλλας,Apostolos Dollas,Ηλεκτρολόγων Μηχ & Μηχ Υπολογιστών,tuc,Καθηγητής,19914,,
Ιωάννης Δολόγλου,Ioannis Dologlou,Ινστιτούτο Επεξεργασίας του Λόγου,athena-innovation,Διευθυντής Ερευνών,17763,,
Ζωή Δουλγέρη,Zoi Doulgeri,Ηλεκτρολόγων Μηχ & Μηχ Υπολογιστών,auth,Καθηγητής,18259,,
Χρήστος Δουληγέρης,Christos Douligeris,Πληροφορικής,unipi,Καθηγητής,18820,,
Γεώργιος Έλληνας,Georgios Ellinas,Electrical and Computer Engineering,University of Cyprus,Αναπληρωτής Καθηγητής,5840,,
Ιωάννης Εμίρης,Ioannis Emiris,Πληροφορικής και Τηλεπικοινωνιών,uoa,Καθηγητής,4425,,
Γεώργιος Ευαγγελίδης,Georgios Evangelidis,Εφαρμοσμένης Πληροφορικής,uom,Καθηγητής,6852,,
Παύλος Εφραιμίδης,Pavlos Efraimidis,Ηλεκτρολόγων Μηχ. & Μηχ. Υπολογιστών,duth,Αναπληρωτής Καθηγητής,18194,,
Ξενοφών  Ζαμπούλης,Xenofon  Zampoulis,Ινστιτούτο Πληροφορικής,forth,Κύριος Ερευνητής,17927,,
Ιωάννης Ζάννος ,Ioannis Zannos ,Τεχνών Ήχου και Εικόνας,ionio,Καθηγητής,11497,,
Νικόλαος Ζαράνης,Nikolaos Zaranis,Παιδαγωγικό Προσχολικής Εκπαίδευσης,uoc, Καθηγητής,18135,,
Χρήστος Ζαρολιάγκης,Christos Zaroliagkis,Μηχ. Η/Υ & Πληροφορικής,upatras,Καθηγητής,18315,,
Απόστολος Ζάρρας,Apostolos Zarras,Μηχανικών Ηλεκτρονικών Υπολογιστών & Πληροφορικής,uoi,Αναπληρωτής Καθηγητής,1150,,
Μιχαήλ Ζερβάκης,Michail Zervakis,Ηλεκτρολόγων Μηχ & Μηχ Υπολογιστών,tuc,Καθηγητής,10147,,
Μιχάλης Ζέρβας,Michalis Zervas,Optoelectronics Research Centre,University of Southampton,Καθηγητής,1067,,
Βασίλειος Ζησιμόπουλος,Vasileios Zisimopoulos,Πληροφορικής & Τηλεπικοινωνιών,uoa,Καθηγητής,9507,,
 Κυριάκος Ζωηρός, Kyriakos Zoiros,Ηλεκτρολόγων Μηχανικών & Μηχανικών Η/Υ,duth,Αναπληρωτής Καθηγητής,19606,,
Ιωάννης Θεοδωρίδης,Ioannis Theodoridis,Πληροφορικής,unipi,Καθηγητής,7814,,
Ιωάννης Θεοχάρης,Ioannis Theocharis,Ηλεκτρολόγων Μηχ και Μηχ Υπολογιστών,auth,Καθηγητής,7754,,
Θεοχάρης Θεοχάρης ,Theocharis Theocharis ,Πληροφορικής & Τηλεπικοινωνιών,uoa,Καθηγητής,8989,,
Δημήτριος Θηλυκός,Dimitrios Thilykos,Μαθηματικών,uoa,Καθηγητής,7623,,
Κλεάνθης Θραμπουλίδης,Kleanthis Thrampoulidis,Ηλεκτρολόγων Μηχανικών & Τεχνολογίας Υπολογιστών,upatras,Καθηγητής,19589,,
Δημήτριος Ιακωβίδης,Dimitrios Iakovidis,Πληροφορικής με Έμφαση στη Βιοϊατρική,uth, Καθηγητής,4686,,
Δημήτριος Ιωαννίδης,Dimitrios Ioannidis,Οικονομικών Επιστημών,uom,Καθηγητής,19906,,
Ιωάννης Ιωαννίδης,Ioannis Ioannidis,Πληροφορικής & Τηλεπικοινωνιών,uoa,Καθηγητής,19793,,
Θεοδώρα Ιωαννίδου,Theodora Ioannidou,Πολιτικών Μηχανικών,auth,Καθηγητής,4017,,
Εργίνα Καβαλλιεράτου,Ergina Kavallieratou,Μηχανικών Πληροφοριακών και Επικοινωνιακών Συστημάτων,aegean,Αναπληρωτής Καθηγητής,9365,,
Χρυσοβαλάντης Καβουσιανός ,Chrysovalantis Kavousianos ,Μηχανικών Ηλεκτρονικών Υπολογιστών και Πληροφορικής,uoi,Καθηγητής,1320,,
Δημήτριος Καλλές,Dimitrios Kalles,θετικών Επιστημων και Τεχνολογίας,eap,Καθηγητής,19008,,
Παναγιώτης Καλνής,Panagiotis Kalnis,Επιστήμης Υπολογιστών,King Abdullah University of Science & Technology,Καθηγητής,1946,,
Αχιλλέας Καμέας,Achilleas Kameas,θετικών Επιστημων και Τεχνολογίας,eap, Καθηγητής,1858,,
Γεωργιος     Καμπουρακης ,Georgios     Kampourakis ,Μηχανικων  Πληροφοριακων Και Επικοινωνιακων Συστηματων,aegean,Καθηγητής,18554,,
Αιμίλιος-Βασίλειος  Καμπουρόπουλος ,Aimilios-Vasileios  Kampouropoulos ,Μουσικών Σπουδών,auth, Καθηγητής,19655,,
Ιωάννης Καραγιάννης,Ioannis Karagiannis,Μηχ. Η/Υ & Πληροφορικής,upatras, Καθηγητής,18311,,
Χαράλαμπος Καραγιαννίδης ,Charalampos Karagiannidis ,Παιδαγωγικό Είδικής Αγωγής,uth,Καθηγητής,7729,,
Γεώργιος Καραγιαννίδης ,Georgios Karagiannidis ,Ηλεκτρολόγων Μηχ & Μηχ Υπολογιστών,auth,Καθηγητής,19446,,
Κωνσταντίνος Καραθανάσις,Konstantinos Karathanasis,School of Music,"University of Oklahoma, USA",Καθηγητής,1212,,
Γεωργία Κάραλη,Georgia Karali,Μαθηματικών & Εφαρμοσμένων Μαθηματικών,uoc,Καθηγητής,11144,,
Γεώργιος Καραμπάτης,Georgios Karampatis, Information Systems,University of Maryland Baltimore County (UMBC),Αναπληρωτής Καθηγητής,6153,,
Νικόλαος Καραμπετάκης,Nikolaos Karampetakis,Μαθηματικών,auth,Καθηγητής,4693,,
Ιωάννης  Καραφυλλίδης ,Ioannis  Karafyllidis ,Ηλεκτρολόγων Μηχ. & Μηχ. Υπολογιστών ,duth,Καθηγητής,18658,,
Νικόλαος Καραχάλιος,Nikolaos Karachalios,Μαθηματικών,aegean,Καθηγητής,19233,,
Γεώργιος Καρύπης,Georgios Karypis,Computer Science and Engineering,University of Minnesota,Καθηγητής,7274,,
Ελπίδα Κεραυνού - Παπαηλιού,Elpida Keravnou - Papailiou, Πληροφορικής,Cyprus University of Technology,Καθηγητής,4473,,
Αθανάσιος Κεχαγιάς,Athanasios Kechagias,Ηλεκτρολόγων Μηχ & Μηχ Υπολογιστών,auth,Αναπληρωτής Καθηγητής,17977,,
Κωνσταντίνος Κλουκίνας,Konstantinos Kloukinas, Μicroelectronics engineer,CERN the European Organization for Nuclear Research,Κύριος Ερευνητής,5310,,
Χριστόφορος Κοζυράκης,Christoforos Kozyrakis, Electrical Engineering and Computer Science,Stanford University,Καθηγητής,6966,,
Νεκτάριος Κοζύρης,Nektarios Kozyris,Ηλεκτρολόγων Μηχ & Μηχ Υπολογιστών,ntua,Καθηγητής,19471,,
Χρυσή Κοκολογιαννάκη,Chrysi Kokologiannaki,Μαθηματικών,upatras,Καθηγητής,19951,,
Στέφανος Κόλλιας ,Stefanos Kollias ,Ηλεκτρολόγων Μηχ & Μηχ Υπολογιστών,ntua,Καθηγητής,18205,,
Σταύρος Κολλιόπουλος,Stavros Kolliopoulos,Πληροφορικής και Τηλεπικοινωνιών,uoa,Καθηγητής,18495,,
Βασίλειος Κόμης,Vasileios Komis,Επιστημών της Εκπαίδευσης & της Αγωγής στην Προσχολική Ηλικία,upatras,Καθηγητής,4952,,
Λυσίμαχος-Παύλος Κόντης,Lysimachos-Pavlos Kontis,Μηχανικών Η.Υ. & Πληροφορικής,uoi,Καθηγητής,171,,
Αριστείδης Κοντογεώργης,Aristeidis Kontogeorgis,Μαθηματικών,uoa,Καθηγητής,18766,,
Κωνσταντίνος Κοντογιάννης,Konstantinos Kontogiannis,Ηλεκτρολόγων Μηχανικών & Μηχανικών Υπολογιστών,ntua,Αναπληρωτής Καθηγητής,18652,,
Δημήτριος Κουγιουμτζής,Dimitrios Kougioumtzis,Ηλεκτρολόγων Μηχ & Μηχ Υπολογιστών,auth,Καθηγητής,18580,,
Χρήστος Κουκουβίνος,Christos Koukouvinos,Εφαρμοσμένων Μαθηματικών & Φυσικών Επιστημών,ntua,Καθηγητής,5932,,
Εμμανουήλ Κουμπαράκης,Emmanouil Koumparakis,Πληροφορικής και Τηλεπικοινωννιών,uoa,Καθηγητής,9714,,
Γεώργιος Κουρουπέτρογλου ,Georgios Kouroupetroglou ,Πληροφορικής και Τηλεπικοινωνιών,uoa,Καθηγητής,18734,,
Κυριάκος Κουτουλάκος,Kyriakos Koutoulakos,Computer Science,University of Toronto,Καθηγητής,7124,,
Ευτύχιος Κουτρούλης,Eftychios Koutroulis,Ηλεκτρολόγων Μηχανικών & Μηχανικών Υπολογιστών,tuc,Αναπληρωτής Καθηγητής,18992,,
Διον.-Δημήτριος Κουτσουρής,Dion.-Dimitrios Koutsouris,Ηλεκτρολόγων Μηχ & Μηχ Υπολογιστών,ntua,Καθηγητής,155,,
Οδυσσέας Κουφοπαυλου ,Odysseas Koufopavlou ,Ηλεκτρολόγων Μηχ & Τεχνολογίας υπολογιστών,upass,Καθηγητής,17652,,
 Εμμανουήλ Κριεζής, Emmanouil Kriezis,Ηλεκτρολόγων Μηχ & Μηχ Υπολογιστών,auth,Καθηγητής,3707,,
Νικόλαος Κυρπίδης,Nikolaos Kyrpidis,Department of Energy ,Joint Genome Institute,Διευθυντής Ερευνών,7506,,
Ελισάβετ Κωνσταντίνου,Elisavet Konstantinou,Μηχανικών Πληροφοριακών και Επικοινωνιακών Συστημάτων,aegean,Επίκουρος Καθηγητής (Μόνιμος),5934,,
Παναγιώτης Κωνσταντόπουλος,Panagiotis Konstantopoulos,Πληροφορικης,aueb,Καθηγητής,18164,,
Χαράλαμπος Κωνσταντόπουλος,Charalampos Konstantopoulos,Πληροφορικης,unipi,Αναπληρωτής Καθηγητής,13839,,
Παναγιώτης  Κωττής,Panagiotis  Kottis,Ηλεκτρολόγων Μηχ & Μηχ Υπολογιστών,ntua,Καθηγητής,4033,,
Μιχαήλ Λαγουδάκης,Michail Lagoudakis,Ηλεκτρονικών Μηχ και Μηχ Υπολογιστών,tuc,Αναπληρωτής Καθηγητής,3647,,
Σπυρίδων-Γεράσιμος  Λάλης,Spyridon-Gerasimos  Lalis,Ηλεκτρολόγων Μηχανικών & Μηχανικών Υπολογιστών,uth,Καθηγητής,17837,,
Ανδρέας Λανίτης,Andreas Lanitis, Multimedia and Graphic Arts,Cyprus University of Technology,Αναπληρωτής Καθηγητής,8086,,
 Θεόδωρος Λαόπουλος, Theodoros Laopoulos,Φυσικής,auth,Καθηγητής,17535,,
Γεώργιος Λέπουρας,Georgios Lepouras,Πληροφορικής & Τηλεπικοινωνιών,uop,Καθηγητής,18491,,
Μιχαήλ  Λογοθέτης,Michail  Logothetis,Ηλεκτρολόγων Μηχ & Τεχνολογίας Υπολογιστών,upatras,Καθηγητής,8497,,
Εμμανουήλ Λουράκης,Emmanouil Lourakis,Ινστιτούτο Πληροφορικής,forth,Διευθυντής Ερευνών,18073,,
Μαλαματή Λούτα,Malamati Louta,Ηλεκτρολόγων Μηχανικών & Μηχανικών Υπολογιστών,uowm,Αναπληρωτής Καθηγητής,8334,,
Αριστείδης Λύκας,Aristeidis Lykas,Μηχανικών Ηλεκτρονικών Υπολογιστών  & Πληροφορικής,uoi,Καθηγητής,11212,,
Σπυρίδων Λυκοθανάσης,Spyridon Lykothanasis,Μηχανικών Ηλεκτρονικών Υπολογιστών  & Πληροφορικής,upatras,Καθηγητής,17284,,
Νίκος Μαγκλαβέρας,Nikos Magklaveras,Ιατρική,auth,Καθηγητής,18291,,
Εμμανουήλ Μάγκος,Emmanouil Magkos,Πληροφορικής,ionio,Αναπληρωτής Καθηγητής,17022,,
Γεώργιος Μακράκης,Georgios Makrakis,Μαθηματικών & Εφαρμοσμένων Μαθηματικών,uoc,Καθηγητής,17699,,
Γεώργιος Μακρής,Georgios Makris,Electrical Engineering,University of Texas at Dallas,Καθηγητής,9069,,
Νικόλαος Μαλεύρης,Nikolaos Malevris,Πληροφορικής,aueb,Καθηγητής,144,,
Νικόλαος Μαμουλής,Nikolaos Mamoulis,Μηχ Ηλεκτρονικών Υπολογιστών & Πληροφορικής,uoi, Καθηγητής,18640,,
Αικατερίνη Μανιά,Aikaterini Mania,Ηλεκτρονικών Μηχ και Μηχ Υπολογιστών,tuc,Αναπληρωτής Καθηγητής,10330,,
Ιωάννης Μανουσάκης,Ioannis Manousakis,Computer Science,"LRI, University Paris South, Orsay",Καθηγητής,11102,,
Ηλίας Μανωλάκος,Ilias Manolakos,Πληροφορικής & Τηλεπικοινωνιών,uoa,Καθηγητής,17276,,
Πέτρος Μαραγκός,Petros Maragkos,Ηλεκτρολόγων Μηχανικών & Μηχανικών Υπολογιστών,ntua,Καθηγητής,10326,,
Εμμανουήλ Μαραγκουδάκης,Emmanouil Maragkoudakis,Πληροφορικής,ionio,Καθηγητής,19548,,
Κωνσταντίνος Μαργαρίτης,Konstantinos Margaritis,Εφαρμοσμένης Πληροφορικής,uom,Καθηγητής,6934,,
Κωνσταντίνος Μαρκαντωνάκης,Konstantinos Markantonakis,Information Security Group,"Royal Holloway, University of London", Καθηγητής,3716,,
Ευάγγελος Μαρκάτος,Evangelos Markatos,Επιστήμης Υπολογιστών,uoc,Καθηγητής,4137,,
Κωνσταντίνος Μασσέλος,Konstantinos Masselos,Πληροφορικής και Τηλεπικοινωνιών,uop,Καθηγητής,3560,,
Ιωάννης Μαυρίδης,Ioannis Mavridis,Εφαρμοσμένης Πληροφορικής,uom,Καθηγητής,3176,,
Μάριος Μαυρονικόλας,Marios Mavronikolas, Πληροφορικής,University of Cyprus,Καθηγητής,1892,,
Βασίλειος Μεγαλοοικονόμου,Vasileios Megalooikonomou,Μηχανικών Ηλεκτρονικών Υπολογιστών και Πληροφορικής,upatras,Καθηγητής,7710,,
Λάζαρος  Μεράκος,Lazaros  Merakos,Πληροφορικής & Τηλεπικοινωνιών,uoa,Καθηγητής,18649,,
Παναγιώτης Μεταξάς,Panagiotis Metaxas, Computer Science,Wellesley College,Professor,419,,
Ευάγγελος Μήλιος,Evangelos Milios, Computer Science,Dalhousie University,Καθηγητής,2289,,
Περικλής Μήτκας,Periklis Mitkas,Ηλεκτρολόγων Μηχ & Μηχ Υπολογιστών,auth,Καθηγητής,7874,,
Αναστάσιος Μικρόπουλος,Anastasios Mikropoulos,Παιδαγωγικό Δημοτικής Εκπαίδευσης,uoi,Καθηγητής,9865,,
Ανδρέας Μνιέστρης ,Andreas Mniestris ,Μουσικών Σπουδών,ionio,Αναπληρωτής Καθηγητής,3752,,
Παναγιώτα Μορφούλη,Panagiota Morfouli,school of Engineering and Management,Institut Polytechnique de Grenoble,Καθηγητής,5054,,
Κυριάκος Μουρατίδης,Kyriakos Mouratidis,Επιστήμης Υπολογιστών,Singapore Management University,Αναπληρωτής Καθηγητής,7843,,
Χαράλαμπος Μουρατίδης,Charalampos Mouratidis,"School of Computing, Engineering and Mathematics",University of Brighton,Καθηγητής,1072,,
Κωνσταντίνος Μουρλάς,Konstantinos Mourlas,Επικοινωνίας & Μέσων Μαζικής Ενημέρωσης,uoa,Αναπληρωτής Καθηγητής,19426,,
Ιωάννης Μουρτζόπουλος,Ioannis Mourtzopoulos,Ηλεκτρολόγων Μηχανικών & Τεχνολογίας Υπολογιστών,upatras,Καθηγητής,18243,,
Κωνσταντίνος Μουστάκας,Konstantinos Moustakas,Ηλεκτρολόγων Μηχανικών & Τεχνολογίας Υπολογιστών,upatras,Αναπληρωτής Καθηγητής,18850,,
Γεώργιος  Μουστακίδης,Georgios  Moustakidis,Ηλεκτρολόγων Μηχ. & Τεχνολογίας Υπολογιστών,upatras,Καθηγητής,9762,,
Αθανάσιος Μουχτάρης,Athanasios Mouchtaris,Επιστήμης Υπολογιστών,uoc,Αναπληρωτής Καθηγητής,19537,,
Παντελής Μπάγκος,Pantelis Bagkos,Πληροφορικής με Εφαρμογές στη Βιοϊατρική ,uth,Καθηγητής,18109,,
Στυλιανός Μπακαμίδης,Stylianos Bakamidis,Ινστιτούτο Επεξεργασίας του Λόγου,Ε.Κ. Αθηνά,Διευθυντής Ερευνών,17848,,
 Κωνσταντίνος Μπάλας, Konstantinos Balas,Ηλεκτρονικών Μηχ και Μηχ Υπολογιστών,tuc,Καθηγητής,19456,,
Ευριπίδης Μπάμπης,Evripidis Bampis,Computer Science,"Sorbonne Universités, Université Pierre et Marie Curie (Paris 6)",Καθηγητής,1861,,
Γεράσιμος Μπαρμπάτης,Gerasimos Barmpatis,Μαθηματικών,uoa,Καθηγητής,6742,,
Νικόλαος Μπέλλας ,Nikolaos Bellas ,Ηλεκτρολόγων Μηχανικών και Μηχανικών Υπολογιστών,uth, Καθηγητής,9811,,
Παναγιώτης Μπένος,Panagiotis Benos,Computational and Systems Biology,University of Pittsburgh,Καθηγητής,1128,,
Κων/νος Μπερμπερίδης,Kon/nos Bermperidis,Μηχανικών Ηλεκτρονικών Υπολογιστών και Πληροφορικής,upatras,Καθηγητής,9995,,
Αντώνιος Μπικάκης,Antonios Bikakis, Information Studies,University College London,Αναπληρωτής Καθηγητής,5450,,
Άγγελος Μπίλας,Angelos Bilas,Επιστήμης Υπολογιστών,uoc,Καθηγητής,18041,,
Αλέξιος Μπίρμπας,Alexios Birmpas,Ηλεκτρ. Μηχ. και τεχν. Η/Υ,Παν/μιο Πατρών,Καθηγητής,19404,,
Κωνσταντίνος Μπλέκας,Konstantinos Blekas,Μηχανικών Ηλεκτρονικών Υπολογιστών και Πληροφορικής,uoi,Αναπληρωτής Καθηγητής,8741,,
Σπυρίδων Μπλιώνας,Spyridon Blionas,Πληροφορικής & Τηλεπικοινωνιών,uop,Αναπληρωτής Καθηγητής,11178,,
Αντώνιος Μπόγρης,Antonios Bogris,Μηχανικών Πληροφορικής και Υπολογιστών Πανεπιστήμιο Δυτικής Αττικής  (Μηχανικών Πληροφορικής Τ.Ε.),uniwa,Καθηγητής,18905,,
Αντώνιος  Μπουκουβαλας,Antonios  Boukouvalas,Πληροφορικής & Τηλεπικοινωνιών,uop,Καθηγητής,19242,,
Χρήστος Μπούρας ,Christos Bouras ,Μηχανικών Ηλεκτρονικών Υπολογιστών και Πληροφορικής,upatras,Καθηγητής,9829,,
Νικόλαος Μπουρμπάκης,Nikolaos Bourmpakis,Informatics and Technology,Wright State University,Καθηγητής,2334,,
Ιωάννης Μπούταλης,Ioannis Boutalis,Ηλεκτρολόγων Μηχανικών & Μηχανικών Η/Υ,duth,Καθηγητής,19667,,
Ματτίας Μπούχερ,Mattias Boucher,Ηλεκτρονικών Μηχανικών & Μηχανικών Υπολογιστών,tuc,Αναπληρωτής Καθηγητής,6511,,
Παύλος Μωραϊτης,Pavlos Moraitis,Mathematics and Computer Science,Paris Descartes University/Laboratory of Informatics Paris Descartes (LIPADE),Καθηγητής,3395,,
Κωνσταντίνα Νικήτα,Konstantina Nikita,Ηλεκτρολόγων Μηχανικών και Μηχανικών Υπολογιστών,ntua,Καθηγητής,10889,,
Μαρία Νικολαϊδη,Maria Nikolaidi,Πληροφορικής και Τηλεματικής,hua,Καθηγητής,19523,,
 Σπυρίδων Νικολαϊδης, Spyridon Nikolaidis,Φυσικής,auth,Καθηγητής,18160,,
Ιωάννης Νικολαϊδης,Ioannis Nikolaidis,Computing Science,University of Alberta,Professor,7285,,
Σωτήριος Νικολετσέας,Sotirios Nikoletseas,Μηχ. Η/Υ & Πληροφορικής,upatras,Καθηγητής,19750,,
Δημήτριος Νικολόπουλος,Dimitrios Nikolopoulos,"School of Electronics, Electrical Engineering and Computer Science",Virginia Polytechnic Inst.and State Univ.,Καθηγητής,9012,,
Χρήστος Νικολόπουλος,Christos Nikolopoulos,Μαθηματικών,aegean,Αναπληρωτής Καθηγητής,6112,,
Σταύρος Νικολόπουλος,Stavros Nikolopoulos,Μηχ. Η/Υ & Πληροφορικής,uoi,Καθηγητής,8631,,
 Δημήτριος Νικολός, Dimitrios Nikolos,Μηχ. Η/Υ & Πληροφορικής,upatras,Καθηγητής,18928,,
Χριστόφορος Νίκου,Christoforos Nikou,Μηχανικών Ηλεκτρονικών Υπολογιστών & Πληροφορικής,uoi, Καθηγητής,1690,,
Αθανάσιος Νταραντούμης,Athanasios Ntarantoumis,Πολιτισμικής Τεχνολογίας και Επικοινωνίας,aegean, Καθηγητής,18062,,
Αναστάσιος Ντελόπουλος,Anastasios Ntelopoulos,Ηλεκτρολόγων Μηχ & Μηχ Υπολογιστών,auth,Καθηγητής,18211,,
Ειρήνη Ντούτση,Eirini Ntoutsi,Faculty of Electrical Engineering and Computer Science,"Leibniz University Hannover, Germany",Αναπληρωτής καθηγητής,27772,,
Θωμάς Ξένος,Thomas Xenos,Ηλεκτρολόγων Μηχ & Μηχ Υπολογιστών,auth,Καθηγητής,9959,,
Κώστας Ξυδέας,Kostas Xydeas,Electrical Engineering,Lancaster University,Professor,10238,,
Στυλιανός Ξυνόγαλος,Stylianos Xynogalos,Εφαρμοσμένης Πληροφορικής,uom,Αναπληρωτής Καθηγητής,23170,,
Αναστάσιος  Οικονομίδης,Anastasios  Oikonomidis,Οικονομικών Επιστημών,uom,Καθηγητής,19652,,
Γεώργιος Οικονόμου,Georgios Oikonomou,Φυσικής,upatras,Καθηγητής,18334,,
Πολυξένη Παγγέ - Λέκκα,Polyxeni Pange - Lekka,Παιδαγωγικό Νηπιαγωγών,uoi,Καθηγητής,9339,,
Αριστείδης Παγουρτζής,Aristeidis Pagourtzis,Ηλεκτρολόγων Μηχανικών και Μηχανικών Υπολογιστών,ntua,Καθηγητής,11423,,
Λεωνίδας Παληός,Leonidas Palios,Μηχ. Η/Υ & Πληροφορικής,uoi,Καθηγητής,10841,,
Γεώργιος Παλιούρας,Georgios Paliouras,Ιντστιτούτο Πληροφορικής και Τηλεπικοινωνιών,demokritos,Διευθυντής Ερευνών,17659,,
Γιώργος Πάλλης,Giorgos Pallis,Πληροφορικής,University of Cyprus,Αναπληρωτής Καθηγητής,21434,,
Χρήστος Παναγιωτακόπουλος,Christos Panagiotakopoulos,Επιστημών της Εκπαίδευσης & Κοινωνικής Εργασίας,upatras,Καθηγητής,5858,,
Θεμιστοκλής Παναγιωτόπουλος,Themistoklis Panagiotopoulos,Πληροφορικής,unipi,Καθηγητής,2296,,
Δημήτριος  Πάντος,Dimitrios  Pantos,Electrical Engineering,State University of New York at Buffalo,Professor,4330,,
Γεώργιος Παπαγιαννάκης,Georgios Papagiannakis,Επιστήμης Υπολογιστών,uoc,Αναπληρωτής Καθηγητής,1020,,
Γεωργιος Άγγελος Παπαδόπουλος,Georgios Angelos Papadopoulos,Computer Science,University of Cyprus,Καθηγητής,1261,,
Γιάννης Παπαδόπουλος,Giannis Papadopoulos,Computer Science,University of Hull,Καθηγητής,720,,
Γεώργιος Παπαϊωάννου,Georgios Papaioannou,Πληροφορικής,aueb,Αναπληρωτής Καθηγητής,8098,,
Γιάννης Παπακωνσταντίνου,Giannis Papakonstantinou,Computer Science and Engineering ,"University of California, San Diego",Καθηγητής,9165,,
Νικόλαος Παπαμάρκος,Nikolaos Papamarkos,Ηλεκτρολόγων Μηχ & Μηχ Υπολογιστών,duth,Καθηγητής,18596,,
Ιωάννης Παπανάνος,Ioannis Papananos,Ηλεκτρολόγων Μηχ. & Μηχ. Υπολογιστών,ntua,Καθηγητής,17725,,
Ευάγγελος Παπαπέτρου,Evangelos Papapetrou,Μηχανικών Η/Υ & Πληροφορικής,uoi,Επίκουρος Καθηγητής (Μόνιμος),5478,,
Ανδρέας Παπασαλούρος,Andreas Papasalouros,Μαθηματικών,aegean,Επίκουρος Καθηγητής (Μόνιμος),10471,,
Νικόλαος Παπασπύρου,Nikolaos Papaspyrou,Ηλεκτρολόγων Μηχ. & Μηχ. Υπολογιστών,ntua,Καθηγητής,17609,,
Αθανάσιος Παπίστας,Athanasios Papistas,Μαθηματικών,auth,Καθηγητής,19312,,
Νικόλαος Παραγυιός,Nikolaos Paragyios,Applied Mathematics,Ecole Centrale de Paris,Καθηγητής,5426,,
Φωτεινή Παρασκευά,Foteini Paraskeva,Ψηφιακών Συστημάτων,unipi,Καθηγητής,5159,,
 Αντώνιος Πασχάλης, Antonios Paschalis,Πληροφοριοκής και Τηλεπικοινωνιών,uoa,Καθηγητής,2249,,
Βαγγέλης Πάσχος,Vangelis Paschos,Computer Science,University Paris-Dauphine,Καθηγητής,7485,,
Κωνσταντίνος Παττίχης,Konstantinos Pattichis, Computer Science,University of Cyprus,Καθηγητής,5314,,
Γεώργιος Παυλίδης,Georgios Pavlidis,Μηχ. Η/Υ & Πληροφορικής,upatras,Καθηγητής,1164,,
Νίκος Παυλίδης,Nikos Pavlidis,Management Science,Lancaster University,Αναπληρωτής καθηγητής,27390,,
Φωτεινή - Νιόβη Παυλίδου ,Foteini - Niovi Pavlidou ,Ηλεκτρολόγων Μηχ & Μηχ Υπολογιστών,auth,Καθηγητής,10392,,
Γεώργιος Παύλου,Georgios Pavlou, Electronic and Electrical Engineering,University College London,Καθηγητής,11268,,
Κιαμάλ Πεκμεστζή,Kiamal Pekmestzi,Ηλεκτρονικών Μηχ και Μηχ Υπολογιστών,ntua,Καθηγητής,2013,,
 Νικόλαος Πελεκάνος, Nikolaos Pelekanos,Επιστήμηης και Τεχνολογίας Υλικών,uoc,Καθηγητής,7389,,
Νικόλαος Πελέκης,Nikolaos Pelekis,Στατιστικής και Ασφαλιστικής Επιστήμης,unipi,Αναπληρωτής Καθηγητής,23417,,
Παύλος Πέππας,Pavlos Peppas,Ηλεκτρολόγων Μηχανικών & Τεχνολογίας Υπολογιστών,upatras,Καθηγητής,19540,,
Σταύρος Περαντώνης,Stavros Perantonis,Ινστιτούτο Πληροφορικής και Τηλεπικοινωνιών,demokritos,Διευθυντής Ερευνών,17487,,
Ευρυπίδης Πετράκης,Evrypidis Petrakis,Ηλεκτρονικών Μηχανικών & Μηχανικών Υπολογιστών,tuc,Καθηγητής,3599,,
Μιλτιάδης Πετρίδης,Miltiadis Petridis,School of Computing Engineering and Mathematics,Unibersity of Brighton,Καθηγητής,4100,,
Ευαγγελία Πιτουρά,Evangelia Pitoura,Μηχανικών Ηλεκτρονικών Υπολογιστών και Πληροφορικής,uoi,Καθηγητής,4652,,
Ανδρέας Πιτσιλλίδης,Andreas Pitsillidis, Computer Science,University of Cyprus,Καθηγητής,11513,,
Δημήτριος Πλεξουσάκης,Dimitrios Plexousakis,Έπιστήμης Υπολογιστών,uoc,Καθηγητής,2191,,
Διονύσιος Πνευματικάτος ,Dionysios Pnevmatikatos ,Ηλεκτρολόγων Μηχανικών και Μηχανικών Υπολογιστών,ntua,Καθηγητής,18599,,
Χρήστος Πολίτης,Christos Politis,"Faculty of Science, Engineering and Computing",Kingston University London,Καθηγητής,1786,,
Γεώργιος  Πολύζος,Georgios  Polyzos,Πληροφορικής,aueb,Καθηγητής,8037,,
Νεοκλής Πολυζώτης,Neoklis Polyzotis,Επιστήμης Υπολογιστών,University of California Santa Cruz,Καθηγητής,5718,,
Αλέξανδρος Ποταμιάνος,Alexandros Potamianos,Ηλεκτρολόγων Μηχανικών και Μηχανικών Υπολογιστών,ntua,Αναπληρωτής Καθηγητής,3760,,
Γεράσιμος Ποταμιάνος,Gerasimos Potamianos,Ηλεκτρολόγων Μηχανικών και Μηχανικών Υπολογιστών,uth,Αναπληρωτής Καθηγητής,8779,,
Δημήτριος Πουλάκης,Dimitrios Poulakis,Μαθηματικών,auth,Καθηγητής,19745,,
Ιωάννης Πρατικάκης,Ioannis Pratikakis,Ηλεκτρολόγων Μηχανικών και Μηχανικών Υπολογιστών,duth,Καθηγητής,17933,,
Ανδριάνα Πρέντζα,Andriana Prentza,Ψηφιακών Συστημάτων,unipi,Καθηγητής,6222,,
Κωνσταντίνος Ραυτόπουλος,Konstantinos Raftopoulos,,Conservatoire National des Arts et Métiers (CNAM),Κύριος Ερευνητής,2262,,
Γεώργιος Ραχώνης,Georgios Rachonis,Μαθηματικών,auth,Καθηγητής,19520,,
Ιωάννης Ρέκανος,Ioannis Rekanos,Ηλεκτρολόγων Μηχανικών & Μηχανικών Υπολογιστών,auth,Καθηγητής,19355,,
Συμεών Ρετάλης,Symeon Retalis,Ψηφιακών Συστημάτων,unipi, Καθηγητής,5704,,
Γεώργιος Ροβιθάκης,Georgios Rovithakis,Ηλεκτρολόγων Μηχ και Μηχ Υπολογιστών,auth,Καθηγητής,11104,,
Βασίλειος Ρόθος,Vasileios Rothos,Μηχανολόγων Μηχανικών,auth,Καθηγητής,6060,,
Παναγιώτης Ροντογιάννης,Panagiotis Rontogiannis,Πληροφορικής και Τηλεπικοινωνιών,uoa,Καθηγητής,6836,,
Εμμανουήλ Ρουμελιώτης,Emmanouil Roumeliotis,Εφαρμοσμένης Πληροφορικής,uom,Καθηγητής,9385,,
Αγγελος Ρουσκας,Angelos Rouskas,Ψηφιακών Συστημάτων,unipi,Καθηγητής,2069,,
Γεώργιος Ρούσκας,Georgios Rouskas,Computer Science,North Carolina State University ,Καθηγητής,516,,
Αντώνιος Σαββίδης,Antonios Savvidis,Επιστήμης Υπολογιστών,uoc,Καθηγητής,10816,,
Δημήτριος Σάμψων,Dimitrios Sampson,Ψηφιακών Συστημάτων,unipi,Καθηγητής,1155,,
Μαρία - Αικατερίνη Σατρατζέμη,Maria - Aikaterini Satratzemi,Εφαρμοσμένης Πληροφορικής,uom,Καθηγητής,5697,,
Κυριάκος Σγάρμπας,Kyriakos Sgarmpas,Ηλεκτρολόγων Μηχανικών και Τεχνολογίας Υπολογιστών,upatras,Αναπληρωτής Καθηγητής,18767,,
Βασίλειος Σεβρόγλου,Vasileios Sevroglou,Στατιστικής και Ασφαλιστικής Επιστήμης,unipi,Αναπληρωτής Καθηγητής,17261,,
Τιμολέων Σελλής,Timoleon Sellis,Swinburne University of Technology,Swinburne University of Technology,Καθηγητής,4653,,
Γεώργιος Σεργιάδης,Georgios Sergiadis,Ηλεκτρολόγων Μηχ & Μηχ Υπολογιστών,auth,Καθηγητής,19216,,
Δημήτριος Σερπάνος ,Dimitrios Serpanos ,Ηλεκτρολόγων Μηχ και Τεχνολογίας Υπολογιστών,upatras,Καθηγητής,18500,,
Νικόλαος Σιδηρόπουλος,Nikolaos Sidiropoulos, Electrical and Computer Engineering,University of Virginia,Professor,4255,,
Σπυρίδων Σιούτας,Spyridon Sioutas,Μηχανικών Ηλεκτρονικών Υπολογιστών και Πληροφορικής,upatras,Καθηγητής,6743,,
Στυλιανός Σίσκος ,Stylianos Siskos ,Φυσικής,auth,Καθηγητής,17844,,
Σωτήρης Σκεβούλης,Sotiris Skevoulis,School of Computer Science and Information Systems,Pace University,Kαθηγητής,1723,,
Χαράλαμπος Σκιάνης,Charalampos Skianis,Μηχανικων  Πληροφοριακων Και Επικοινωνιακων Συστηματων,aegean, Καθηγητής,18470,,
Αθανάσιος Σκόδρας,Athanasios Skodras,Ηλεκτρολόγων Μηχ. & Τεχνολογίας Υπολογιστών,upatras,Καθηγητής,2250,,
Ιωάννης Σμαραγδάκης,Ioannis Smaragdakis,Πληροφορικής και Τηλεπικοινωνιών,uoa,Καθηγητής,3347,,
Μάκης (Γεράσιμος) Σολωμός,Makis (Gerasimos) Solomos,Département de Musique,"Université Paris 8, EMDCM, France",Καθηγητής,6076,,
Δημήτριος Σούντρης,Dimitrios Sountris,Ηλεκτρολόγων Μηχανικών & Μηχανικών Υπολογιστών,ntua,Καθηγητής,18456,,
Γεώργιος Σπανουδάκης,Georgios Spanoudakis,Computer Science,City University London,Καθηγητής,10542,,
Μαρία Σπηλιοπούλου,Maria Spiliopoulou,Technical and Business Information Systems,Otto-von-Guericke University Magdeburg,Καθηγητής,11496,,
Διομήδης Σπινέλλης,Diomidis Spinellis,Διοικητικής Επιστήμης και Τεχνολογίας,aueb,Καθηγητής,17574,,
Κωνσταντίνος Στάθης,Konstantinos Stathis, Computer Science,"Royal Holloway, University of London",Καθηγητής,9780,,
Ευστάθιος  Σταματάτος ,Efstathios  Stamatatos ,Μηχανικών Πληροφοριακών και Επικοινωνιακών Συστημάτων,aegean,Καθηγητής,6081,,
Ιωάννης Σταματίου,Ioannis Stamatiou,Διοίκησης Επιχειρήσεων,upatras,Καθηγητής,3834,,
Παναγιώτης Σταματόπουλος,Panagiotis Stamatopoulos,Πληροφορικής και Τηλεπικοινωνιών,uoa,Επίκουρος Καθηγητής (Μόνιμος),10419,,
Γεώργιος Στάμου,Georgios Stamou,Ηλεκτρολόγων Μηχ & Μηχ Υπολογιστών,ntua,Αναπληρωτής Καθηγητής,16773,,
Γεώργιος Σταμούλης,Georgios Stamoulis,Τμήμα Ηλεκτρολόγων Μηχανικών και Μηχανικών Υπολογιστών,uth,Καθηγητής,3733,,
Αλεξανδρος  Σταυδάς,Alexandros  Stavdas,Πληροφορικής και Τηλεπικοινωνιών,uop,Καθηγητής,8110,,
Ιωάννης  Σταυρακάκης,Ioannis  Stavrakakis,Πληροφορικής & Τηλεπικοινωνιών,uoa,Καθηγητής,10847,,
Ανδρέας-Γεώργιος Σταφυλοπάτης,Andreas-Georgios Stafylopatis,Ηλεκτρολόγων Μηχ & Μηχ Υπολογιστών,ntua,Καθηγητής,18625,,
Κωνσταντίνος Στεργίου,Konstantinos Stergiou,Μηχανικών Πληροφορικής και Τηλεπικοινωνιών,uowm,Καθηγητής,19516,,
Λάμπρος Στεργιούλας,Lampros Stergioulas, Business Transformation,University of Surrey,Καθηγητής,163,,
Κωνσταντίνος Στεφανίδης,Konstantinos Stefanidis,Επιστήμης Υπολογιστών,uoc,Καθηγητής,18530,,
Ιωάννης Στρατής,Ioannis Stratis,Μαθηματικών,uoa,Καθηγητής,18095,,
Ελένη Στρούλια,Eleni Stroulia, Computer Science,University of Alberta,Καθηγητής,2219,,
Ιωάννης Στυλιανού,Ioannis Stylianou,Επιστήμης Υπολογιστών,uoc,Καθηγητής,9558,,
Δημήτριος  Συβρίδης,Dimitrios  Syvridis,Πληροφορικής & Τηλεπικοινωνιών,uoa,Καθηγητής,9533,,
Ευστάθιος  Συκάς,Efstathios  Sykas,Ηλεκτρολόγων Μηχ & Μηχ Υπολογιστών,ntua,Καθηγητής,19447,,
Αντώνιος Συμβώνης,Antonios Symvonis,Εφαρμοσμένων Μαθηματικών και Φυσικών Επιστημών,ntua,Καθηγητής,19932,,
Ανδρέας Συμεωνίδης,Andreas Symeonidis,Ηλεκτρολόγων Μηχ & Μηχ Υπολογιστών,auth,Αναπληρωτής Καθηγητής,19319,,
Γεώργιος Συρακούλης,Georgios Syrakoulis,Ηλεκτρολόγων Μηχ & Μηχ Η/Υ,duth,Καθηγητής,1354,,
Βασίλειος Σύρης,Vasileios Syris,Πληροφορικής,aueb,Καθηγητής,19845,,
Μιχαήλ Σφακιανάκης,Michail Sfakianakis,Οργάνωσης και Διοίκησης Επιχειρήσεων,unipi,Καθηγητής,8003,,
Χρίστος Σχίζας,Christos Schizas,Computer Science,University of Cyprus,Καθηγητής,2728,,
Παύλος - Πέτρος Σωτηριάδης,Pavlos - Petros Sotiriadis,Ηλεκτρολόγων Μηχ & Μηχ Υπολογιστών,ntua,Καθηγητής,4578,,
Κωνσταντίνος Ταραμπάνης,Konstantinos Tarampanis,Οργάνωσης και Διοίκησης Επιχειρήσεων,uom,Καθηγητής,19611,,
Μιχαήλ Ταρουδάκης,Michail Taroudakis,Μαθηματικών και Εφαρμοσμένων Μαθηματικών,uoc,Καθηγητής,9652,,
Γεώργιος Τζανετάκης,Georgios Tzanetakis, Computer Science,"University of Victoria, Canada",Καθηγητής,384,,
Ελπίδα Τζαφέστα,Elpida Tzafesta,Ιστορίας και Φιλοσοφίας της Επιστήμης,uoa,Αναπληρωτής Καθηγητής,6163,,
Αθανάσιος Τζιμογιάννης,Athanasios Tzimogiannis,Κοινωνικής & Εκπαιδευτικής Πολιτικής,uop,Καθηγητής,5404,,
Γεώργιος Τζιρίτας,Georgios Tziritas,Επιστήμης Υπολογιστών,uoc,Καθηγητής,4745,,
 Δημήτριος Τζοβάρας , Dimitrios Tzovaras ,Ινστιτούτο Τεχνολογιών Πληροφορικής και Επικοινωνιών,certh,Διευθυντής Ερευνών,18358,,
Θεόδωρος Τζουραμάνης,Theodoros Tzouramanis,Πληροφορική με Εφαρμογές στη Βιοϊατρική,uth,Επίκουρος Καθηγητής (Μόνιμος),1166,,
Στυλιανός  Τζωρτζάκης,Stylianos  Tzortzakis,Επιστήμης και Τεχνολογίας Υλικών,uoc,Καθηγητής,9644,,
Ιωάννης Τιγκελης ,Ioannis Tigkelis ,Φυσικής,uoa,Καθηγητής,18131,,
Ιωάννης Τόλλης,Ioannis Tollis,Επιστήμης Υπολογιστών,uoc,Καθηγητής,18418,,
Γεώργιος Τόμπρας ,Georgios Tompras ,Φυσικής,uoa,Καθηγητής,11382,,
Γιώργος Τουρλάκης,Giorgos Tourlakis,Department of Electrical Engineering and Computer Science,York University,Καθηγητής,7037,,
 Παναγιώτης Τραχανιάς , Panagiotis Trachanias ,Επιστήμης Υπολογιστών,uoc,Καθηγητής,9346,,
Παναγιώτης Τσακαλίδης,Panagiotis Tsakalidis,Επιστήμης Υπολογιστών,uoc,Καθηγητής,4141,,
Φίλιππος Τσαλίδης,Filippos Tsalidis,Ηλεκτρολόγων Μηχ. & Μηχ. Υπολογιστών ,duth,Καθηγητής,10999,,
Ιωάννης Τσαμαρδίνος,Ioannis Tsamardinos,Επιστήμης Υπολογιστών,uoc,Καθηγητής,5078,,
Παναγιώτης Τσανάκας,Panagiotis Tsanakas,Ηλεκτρολόγων Μηχ.& Μηχ. Υπολογιστών  ,ntua,Καθηγητής,19188,,
Βασίλειος Τσαουσίδης,Vasileios Tsaousidis,Ηλεκτρολόγων Μηχ.& Μηχ Η/Υ,duth,Καθηγητής,5340,,
Παναγιώτης Τσαπάρας,Panagiotis Tsaparas,Μηχανικών Ηλεκτρονικών Υπολογιστών και Πληροφορικής,uoi,Αναπληρωτής Καθηγητής,6621,,
Νικόλας Τσαπατσούλης,Nikolas Tsapatsoulis, Communication and Internet Studies,cut, Καθηγητής,9900,,
Γεώργιος Τσιατούχας,Georgios Tsiatouchas,Μηχανικών Ηλεκτρονικών Υπολογιστών και Πληροφορικής,uoi,Καθηγητής,4752,,
Κωνσταντίνος Τσίχλας,Konstantinos Tsichlas,Μηχανικών Ηλεκτρονικών Υπολογιστών και Πληροφορικής,upatras,Επίκουρος Καθηγητής (Μόνιμος),22141,,
Γεώργιος Τσιχριντζής,Georgios Tsichrintzis,Πληροφορικής,unipi,Καθηγητής,11000,,
 Δημήτριος  Τσουκαλάς, Dimitrios  Tsoukalas,Εφαρμοσμένων Μαθηματικών & Φυσικών Επιστημών,ntua,Καθηγητής,19738,,
Δημήτριος Τσουμάκος,Dimitrios Tsoumakos,ΗΛΕΚΤΡΟΛΟΓΩΝ ΜΗΧΑΝΙΚΩΝ ΚΑΙ ΜΗΧΑΝΙΚΩΝ ΥΠΟΛΟΓΙΣΤΩΝ,ntua,Αναπληρωτής Καθηγητής,6960,,
Αθανάσιος Τυροπάνης,Athanasios Tyropanis,School of Electronics and Computer Science,University of Southampton,Αναπληρωτής Καθηγητής,54,,
Παναγιώτα Φατούρου,Panagiota Fatourou,Επιστήμης Υπολογιστών,uoc,Καθηγήτρια,9534,,
Γεώργιος Φικιώρης,Georgios Fikioris,Ηλεκτρολόγων Μηχανικών & Μηχανικών Υπολογιστών,ntua,Καθηγητής,17895,,
Άννα Φιλίππου,Anna Filippou,Πληροφορικής,University of Cyprus,Αναπληρωτής Καθηγητής,6899,,
Ανδρέας Φλώρος ,Andreas Floros ,Τεχνών Ήχου και Εικόνας,ionio,Καθηγητής,18999,,
 Ιωάννης Φούντος , Ioannis Fountos ,Μηχανικών Ηλεκτρονικών Υπολογιστών & Πληροφορικής,uoi,Καθηγητής,265,,
Ευγενία Φουστούκου,Evgenia Foustoukou,Πληροφορικής,aueb,Επίκουρος Καθηγητής (Μόνιμος),3689,,
Δημήτριος Φραντζεσκάκης ,Dimitrios Frantzeskakis ,Φυσικής,uoa,Καθηγητής,18518,,
Δημήτριος Φωτάκης,Dimitrios Fotakis,Ηλεκτρολόγων Μηχανικών & Μηχανικών Υπολογιστών,ntua,Αναπληρωτής Καθηγητής,15257,,
Γεώργιος Χαλκιαδάκης,Georgios Chalkiadakis,Ηλεκτρολόγων Μηχανικών & Μηχανικών Υπολογιστών,tuc,Αναπληρωτής Καθηγητής,19169,,
Μαρία Χαλκίδη,Maria Chalkidi,Ψηφιακών Συστημάτων,unipi,Αναπληρωτής Καθηγητής,2891,,
Αντώνης Χαραλαμπόπουλος,Antonis Charalampopoulos,Εφαρμοσμένων Μαθηματικών & Φυσικών Επιστημών,ntua,Καθηγητής,3667,,
Αλέξανδρος Χατζηγεωργίου,Alexandros Chatzigeorgiou,Εφαρμοσμένης Πληροφορικής,uom,Καθηγητής,7433,,
Άρτεμις - Γεωργία Χατζηγεωργίου,Artemis - Georgia Chatzigeorgiou,Πληροφορικής με Εφαρμογές στη Βιοϊατρική ,uth,Καθηγητής,19058,,
Ευριπίδης Χατζηκρανιώτης,Evripidis Chatzikraniotis,Φυσικής,auth,Καθηγητής,9997,,
Θανάσης Χατζηλάκος,Thanasis Chatzilakos,Πληροφοριακά Συστήματα,ouc,Καθηγητής,1632,,
Βάσος Χατζηλάκος,Vasos Chatzilakos,Επιστήμης Υπολογιστών,University of Toronto,Καθηγητής,9285,,
Λεόντιος Χατζηλεοντιάδης,Leontios Chatzileontiadis,Ηλεκτρολόγων Μηχ & Μηχ Υπολογιστών,auth,Καθηγητής,17409,,
Ιωάννης Χατζηλυγερούδης,Ioannis Chatzilygeroudis,Μηχανικών Ηλεκτρονικών Υπολογιστών και Πληροφορικής,upatras,Καθηγητής,10476,,
Αλκιβιάδης Χατζόπουλος ,Alkiviadis Chatzopoulos ,ΗΜΜΥ,auth,Καθηγητής,18940,,
Ευθύμιος Χούσος,Efthymios Chousos,Ηλεκτρολόγων Μηχανικών και Τεχνολογίας Υπολογιστών,upatras,Καθηγητής,2753,,
Βασίλης Χριστοφίδης,Vasilis Christofidis,Επιστήμης Υπολογιστών,uoc,Καθηγητής,6780,,
Κωνσταντίνος Χρυσαφίνος,Konstantinos Chrysafinos,Εφαρμοσμένων Μαθηματικών και Φυσικών Επιστημών,ntua,Αναπληρωτής Καθηγητής,23527,,
Βασίλειος Χρυσικόπουλος,Vasileios Chrysikopoulos,Πληροφορικής,ionio,Καθηγητής,4753,,
Θεόδωρος Χωρίκης,Theodoros Chorikis,Μαθηματικών,uoi,Καθηγητής,9969,,
Εμμανουήλ Ψαράκης,Emmanouil Psarakis,Μηχανικών Ηλεκτρονικών Υπολογιστών και Πληροφορικής,upatras,Αναπληρωτής Καθηγητής,1032,,
Ιωάννης Ψαρράς,Ioannis Psarras,Ηλεκτρολόγων Μηχανικών & Μηχανικών Υπολογιστών,ntua,Καθηγητής,17431,,
Κων/νος Ψυχαλίνος ,Kon/nos Psychalinos ,Φυσικής,upatras,Καθηγητής,18360,,
