name,romanize name,School-Department,University,University email domain,Rank,Apella_id,Scholar name,Scholar id,Semantic Scholar name,Semantic Scholar id,ResearchGate name,ResearchGate url name/id,ResearchGate url type,Search Engine label
 Yannis Aloimonos, Yannis Aloimonos, Computer Science,University of Maryland,University of Maryland,Καθηγητής,1297,Aloimonos,7QmEsOwAAAAJ,Unknown,Unknown,Unknown,Unknown,Unknown,1
Grigorios Antoniou,Grigorios Antoniou,Computing and Engineering,University of Huddersfield,University of Huddersfield,Καθηγητής,3297,Grigoris Antoniou,IzsVWfEAAAAJ,Unknown,Unknown,Unknown,Unknown,Unknown,1
Paris Avgeriou,Paris Avgeriou,Johann Bernoulli Institute for Mathematics and Computer Science,University of Groningen,University of Groningen,Καθηγητής,6029,Paris Avgeriou,OlYdiYMAAAAJ,Unknown,Unknown,Unknown,Unknown,Unknown,1
George Bebis,George Bebis, Computer Science and Engineering,University of Nevada,University of Nevada,Καθηγητής,2504,George Bebis,-uRoVEUAAAAJ,Unknown,Unknown,Unknown,Unknown,Unknown,1
Konstantinos Danas,Konstantinos Danas,Computer Science & Mathematics,"Kingston University, London","Kingston University, London",Καθηγητής,11148,Kostas (Konstantinos) Danas,0I7D4_AAAAAJ,Unknown,Unknown,Unknown,Unknown,Unknown,1
Ioannis Dimitriadis,Ioannis Dimitriadis,School of Telecommunications Engineering,"University of Valladolid, Spain","University of Valladolid, Spain",Καθηγητής,1291,Yannis Dimitriadis,H2UM46MAAAAJ,Unknown,Unknown,Unknown,Unknown,Unknown,1
Petros Drineas,Petros Drineas,Computer Science,Rensselaer Polytechnic Institute,Rensselaer Polytechnic Institute,Αναπληρωτής Καθηγητής,6835,Petros Drineas,Yw2PquQAAAAJ,Unknown,Unknown,Unknown,Unknown,Unknown,1
Theodoros Evgeniou,Theodoros Evgeniou, Decision Sciences and Technology Management,Insead,Insead,Καθηγητής,7818,Theodoros Evgeniou,GEbzNGIAAAAJ,Unknown,Unknown,Unknown,Unknown,Unknown,1
Dimitri  Ioannou,Dimitri  Ioannou,ECE ,"George Mason University, VA, USA","George Mason University, VA, USA",Καθηγητής,5548,Dimitris Ioannou,MP4yuEAAAAAJ,Unknown,Unknown,Unknown,Unknown,Unknown,1
Ioannis Kakadiaris,Ioannis Kakadiaris,Computational Biomedicine Lab.,University of Houston,University of Houston,Καθηγητής,104,Ioannis A. Kakadiaris,36SCzI0AAAAJ,Unknown,Unknown,Unknown,Unknown,Unknown,1
Antonis Kakas,Antonis Kakas,Πληροφορικής,University of Cyprus,University of Cyprus,Καθηγητής,1421,Antonis Kakas,PrU4wEsAAAAJ,Unknown,Unknown,Unknown,Unknown,Unknown,1
Bill Kapralos,Bill Kapralos,Business and Information Technology ,University of Ontario Institute of Technology,University of Ontario Institute of Technology,Καθηγητής,1070,Bill Kapralos,Gud0RdcAAAAJ,Unknown,Unknown,Unknown,Unknown,Unknown,1
Dimitris Karagiannis,Dimitris Karagiannis,Computer Science,University of Vienna,University of Vienna,Καθηγητής,5128,Unknown,Unknown,D. Karagiannis,145328956,Unknown,Unknown,Unknown,2
George Karakostas,George Karakostas, Computing & Software,McMaster University,McMaster University,Αναπληρωτής Καθηγητής,6849,George Karakostas,qaT9cxAAAAAJ,Unknown,Unknown,Unknown,Unknown,Unknown,1
Vasilios Katos,Vasilios Katos,Computing & Informatics,Bournemouth College,Bournemouth College,Καθηγητής,949,Vasilios Katos,MkuiHIAAAAAJ,Unknown,Unknown,Unknown,Unknown,Unknown,1
Lydia Kavraki,Lydia Kavraki,"Electrical Engineering, Bioengineering and Mechanical Engineering",Rice University Huston,Rice University Huston,Καθηγητής,10716,Lydia E. Kavraki,Q6pxNZYAAAAJ,Unknown,Unknown,Unknown,Unknown,Unknown,1
Vassilis Kostakos,Vassilis Kostakos,School of Computing and Information Systems,University of Melbourne,University of Melbourne,Καθηγητής,2668,Vassilis Kostakos,JnWGV4kAAAAJ,Unknown,Unknown,Unknown,Unknown,Unknown,1
Panos Linos,Panos Linos,Computer Science and Software Engineering,Butler University,Butler University,Καθηγητής,488,Panagiotis K. Linos,mYFmkiEAAAAJ,Unknown,Unknown,Unknown,Unknown,Unknown,1
Pericles Loucopoulos,Pericles Loucopoulos,Business School,University of Manchester,University of Manchester,Καθηγητής,851,Pericles Loucopoulos,dPPT_pAAAAAJ,Unknown,Unknown,Unknown,Unknown,Unknown,1
Spiros Mancoridis,Spiros Mancoridis,Computer Science,Drexel University,Drexel University,Καθηγητής,5271,Spiros Mancoridis,bKGwUrQAAAAJ,Unknown,Unknown,Unknown,Unknown,Unknown,1
Athanasios Manikas,Athanasios Manikas,Electrical and Electronic Engineering,Imperial College,Imperial College,Professor,6500,athanassios manikas,294QJkAAAAAJ,Unknown,Unknown,Unknown,Unknown,Unknown,1
Andreas Moshovos,Andreas Moshovos, Electrical and Computer Engineering,University of Toronto,University of Toronto,Καθηγητής,7924,Andreas Moshovos,D2VLt-8AAAAJ,Unknown,Unknown,Unknown,Unknown,Unknown,1
Themis Palpanas,Themis Palpanas,Computer Science,Paris Descartes University,Paris Descartes University,Καθηγητής,10115,Themis Palpanas,qUBdmWgAAAAJ,Unknown,Unknown,Unknown,Unknown,Unknown,1
 Thrasyvoulos Pappas, Thrasyvoulos Pappas, Electrical Engineering and Computer Science,Northwestern University,Northwestern University,Καθηγητής,1911,Thrasyvoulos Pappas,FdtIIgkAAAAJ,Unknown,Unknown,Unknown,Unknown,Unknown,1
 Konstantinos Plataniotis, Konstantinos Plataniotis, Electrical and Computer Engineering,University of Toronto,University of Toronto,Καθηγητής,9137,Konstantinos N Plataniotis,W-4N_2gAAAAJ,Unknown,Unknown,Unknown,Unknown,Unknown,1
Panayiota Poirazi,Panayiota Poirazi,Ινστιτούτο Μοριακής Βιολογίας και Βιοτεχνολογίας,ITE,ITE,Διευθυντής Ερευνών,18797,Panayiota Poirazi,7IidNJMAAAAJ,Unknown,Unknown,Unknown,Unknown,Unknown,1
Dimitra  Simeonidou,Dimitra  Simeonidou,f Electrical & Electronic Engineering,University of Bristol,University of Bristol,Καθηγητής,5462,"Dimitra Simeonidou FREng, FIEEE",DppopzYAAAAJ,Unknown,Unknown,Unknown,Unknown,Unknown,1
Tania Stathaki,Tania Stathaki,Electrical and Electronic Engineering,Imperial College,Imperial College,Αναπληρωτής Καθηγητής,5624,Tania Stathaki,sAB5gI8AAAAJ,Unknown,Unknown,Unknown,Unknown,Unknown,1
Katia Sycara,Katia Sycara,Computer Science,Carnegie Mellon University,Carnegie Mellon University,Καθηγητής,9864,Katia Sycara,VWv6a9kAAAAJ,Unknown,Unknown,Unknown,Unknown,Unknown,1
 John Tsotsos, John Tsotsos,Electrical Engineering and Computer Science,York University,York University,Καθηγητής,9059,John K. Tsotsos,Ic6ZXhUAAAAJ,Unknown,Unknown,Unknown,Unknown,Unknown,1
Nicolas Vayatis,Nicolas Vayatis,Mathematics Research Teaching ,ENS Cachan / CMLA,ENS Cachan / CMLA,Καθηγητής,2897,Nicolas Vayatis,IsPkE1wAAAAJ,Unknown,Unknown,Unknown,Unknown,Unknown,1
Charalambos Vrasidas,Charalambos Vrasidas,School of Education,"Cardet - University of Nicosia, Cyprus","Cardet - University of Nicosia, Cyprus",Καθηγητής,3266,Charalambos Vrasidas,bcAshfkAAAAJ,Unknown,Unknown,Unknown,Unknown,Unknown,1
George Zouridakis,George Zouridakis,Engineering Technology,University of Houston,University of Houston,Καθηγητής,10132,George Zouridakis,1tQZV14AAAAJ,Unknown,Unknown,Unknown,Unknown,Unknown,1
Νικόλαος Αβούρης,Nikolaos Avouris,Ηλεκτρολόγων Μηχανικών & Τεχνολογίας Υπολογιστών,Πανεπιστήμιο Πατρών,upatras,Καθηγητής,17657,Nikolaos Avouris,FwuKA4UAAAAJ,Unknown,Unknown,Unknown,Unknown,Unknown,1
Ηρακλής  Αβραμόπουλος,Iraklis  Avramopoulos,Ηλεκτρολόγων Μηχ & Μηχ Υπολογιστών,ΕΜΠ,ntua,Καθηγητής,17892,Hercules Avramopoulos,hf2txgMAAAAJ,Unknown,Unknown,Unknown,Unknown,Unknown,1
Χαρούλα Αγγέλη,Charoula Angeli, Education,Πανεπιστήμιο Κύπρου,ucy,Καθηγητής,1884,Charoula Angeli,3eOMkcUAAAAJ,Unknown,Unknown,Unknown,Unknown,Unknown,1
Παντελής Αγγελίδης,Pantelis Angelidis,Μηχανικών Πληροφορικής & Τηλεπικοινωνιών,Πανεπιστήμιο Δυτικής Μακεδονίας,uowm,Καθηγητής,19621,Pantelis Angelidis,a_6ka4oAAAAJ,Unknown,Unknown,Unknown,Unknown,Unknown,1
Κωνσταντινος Μαριος Αγγελοπουλος,Konstantinos Marios Angelopoulos,Computing & Informatics,Bournemouth University,Bournemouth University,Επίκουρος Καθηγητής (Μόνιμος),20799,Constantinos Marios Angelopoulos,iQr8D8UAAAAJ,Unknown,Unknown,Unknown,Unknown,Unknown,1
Κων/νος Αϊδίνης ,Kon/nos Aidinis ,Φυσικής,ΕΚΠΑ,uoa,Αναπληρωτής Καθηγητής,132,Unknown,Unknown,Unknown,Unknown,C J Aidinis,C-J-Aidinis-28700597,scientific-contributions,3
Παναγιώτης Αλεβίζος,Panagiotis Alevizos,Μαθηματικών,Πανεπιστήμιο Πατρών,upatras,Αναπληρωτής Καθηγητής,23939,Panagiotis D. Alevizos,i6uX5zUAAAAJ,Unknown,Unknown,Unknown,Unknown,Unknown,1
Γεώργιος Αλεξίου ,Georgios Alexiou ,Μηχ. Η/Υ & Πληροφορικής ,Παν/μιο Πατρών,upatras,Καθηγητής,17242,George  P. Alexiou,OvSCQqoAAAAJ,Unknown,Unknown,Unknown,Unknown,Unknown,1
Αντώνιος Αλετράς,Antonios Aletras,Ιατρικής,ΑΠΘ,auth,Καθηγητής,19178,Anthony H. Aletras,1O0vvE0AAAAJ,Unknown,Unknown,Unknown,Unknown,Unknown,1
Ιωάννης Αναγνωστόπουλος,Ioannis Anagnostopoulos,Πληροφορικής με Εφαρμογές στη Βιοϊατρική ,Πανεπιστήμιο Θεσσαλίας,uth,Καθηγητής,13705,Ioannis Anagnostopoulos,9UBJ4QEAAAAJ,Unknown,Unknown,Unknown,Unknown,Unknown,1
Μιλτιάδης  Αναγνώστου,Miltiadis  Anagnostou,Ηλεκτρολόγων Μηχ & Μηχ Υπολογιστών,ΕΜΠ,ntua,Καθηγητής,19482,Miltiades E. Anagnostou,pvThzK0AAAAJ,Unknown,Unknown,Unknown,Unknown,Unknown,1
Βασίλειος Αναστασόπουλος,Vasileios Anastasopoulos,Φυσικής,Πανεπιστήμιο Πατρών,upatras,Καθηγητής,17596,Vassilis Anastassopoulos,BYcshrUAAAAJ,Unknown,Unknown,Unknown,Unknown,Unknown,1
Ιωάννης Ανδρεάδης ,Ioannis Andreadis ,Ηλεκτρολόγων Μηχ & Μηχ Υπολογιστών,Δημοκρίτειο Πανεπιστήμιο Θράκης,duth,Καθηγητής,6006,Ioannis Andreadis,3wMEVMMAAAAJ,Unknown,Unknown,Unknown,Unknown,Unknown,1
Ανδρέας Ανδρέου,Andreas Andreou,Τμήμα Ηλεκτρολόγων Μηχανικών και Τεχνολογιών Πληροφορικής,Τεχνολογικό Πανεπιστήμιο Κύπρου,cut, Καθηγητής,9921,Andreas Andreou,CqlJG_IAAAAJ,Unknown,Unknown,Unknown,Unknown,Unknown,1
Μαργκερίτα Αντόνα,Margkerita Antona,Ινστιτούτο Πληροφορικής,ΙΤΕ,forth,Κύριος Ερευνητής,19203,Margherita Antona,BSrpFJgAAAAJ,Unknown,Unknown,Unknown,Unknown,Unknown,1
Ιωάννης Αντωνίου,Ioannis Antoniou,Μαθηματικών,ΑΠΘ,auth,Καθηγητής,7651,Ioannis E. Antoniou,UMPx3MAAAAAJ,Unknown,Unknown,Unknown,Unknown,Unknown,1
Χρήστος Αντωνόπουλος,Christos Antonopoulos,Ηλεκτρολόγων Μηχανικών & Μηχανικών Υπολογιστών,ΑΠΘ,auth,Καθηγητής,18399,Unknown,Unknown,Unknown,Unknown,Christos S Antonopoulos,Christos-S-Antonopoulos-33663734,scientific-contributions,3
Θεόδωρος  Αποστολόπουλος,Theodoros  Apostolopoulos,Πληροφορικής,ΟΠΑ,aueb,Καθηγητής,19284,Theodore Apostolopoulos,WTg8mXoAAAAJ,Unknown,Unknown,Unknown,Unknown,Unknown,1
Αντώνιος Αργυρός ,Antonios Argyros ,Επιστήμης Υπολογιστών,Πανεπιστήμιο Κρήτης,uoc,Καθηγητής,18605,Antonis Argyros,9OieklkAAAAJ,Unknown,Unknown,Unknown,Unknown,Unknown,1
Δημήτριος Αχλιόπτας,Dimitrios Achlioptas,Πληροφορικής και Επικοινωνιών,ΕΚΠΑ,uoa,Καθηγητής,19967,Dimitris Achlioptas,GBQ6w8IAAAAJ,Unknown,Unknown,Unknown,Unknown,Unknown,1
Μιχαήλ Βαζιργιάννης,Michail Vazirgiannis,Πληροφορικής,ΟΠΑ,aueb,Καθηγητής,3631,Michalis Vazirgiannis,aWGJYcMAAAAJ,Unknown,Unknown,Unknown,Unknown,Unknown,1
Εμμανουήλ  Βαρβαρίγος,Emmanouil  Varvarigos,Ηλεκτρολόγων Μηχανικών & Μηχανικών Υπολογιστών,ΕΜΠ,ntua,Καθηγητής,19579,Emmanouel (Manos) Varvarigos,vqtH65oAAAAJ,Unknown,Unknown,Unknown,Unknown,Unknown,1
Θεοδώρα Βαρβαρίγου,Theodora Varvarigou,Σχολή Ηλεκτρολόγων Μηχ. & Μηχ . Υπολογιστών,ΕΜΠ,ntua,Καθηγητής,1699,Theodora Varvarigou,kueSeb4AAAAJ,Unknown,Unknown,Unknown,Unknown,Unknown,1
Ηρακλής Βαρλάμης,Iraklis Varlamis,Πληροφορικής &Τηλεματικής,Χαροκόπειο Πανεπιστήμιο,hua,Αναπληρωτής Καθηγητής,21827,Iraklis Varlamis,SUyTkTAAAAAJ,Unknown,Unknown,Unknown,Unknown,Unknown,1
Δημήτριος Βάρσος,Dimitrios Varsos,Μαθηματικών,ΕΚΠΑ,uoa,Καθηγητής,4679,Unknown,Unknown,Unknown,Unknown,D. Varsos,D-Varsos,profile,3
Μιχαήλ Βασιλακόπουλος,Michail Vasilakopoulos,Ηλεκτρολόγων Μηχανικών & Μηχανικών Υπολογιστών,Πανεπιστήμιο Θεσσαλίας,uth,Αναπληρωτής Καθηγητής,19189,Michael Vassilakopoulos,A1mijQ8AAAAJ,Unknown,Unknown,Unknown,Unknown,Unknown,1
Γεώργιος Βασιλακόπουλος,Georgios Vasilakopoulos,Ψηφιακών Συστημάτων,Πανεπιστήμιο Πειραιώς,unipi,Καθηγητής,6676,George Vassilacopoulos,q8_VODcAAAAJ,Unknown,Unknown,Unknown,Unknown,Unknown,1
Παναγιώτης Βασιλειάδης,Panagiotis Vasileiadis,Μηχ Ηλεκτρονικών Υπολογιστών και Πληροφορικής,Πανεπιστήμιο Ιωαννίνων,uoi,Καθηγητής,10082,Panos Vassiliadis,B_Zd1P8AAAAJ,Unknown,Unknown,Unknown,Unknown,Unknown,1
Βασίλειος Βασσάλος,Vasileios Vassalos,Πληροφορικής,ΟΠΑ,aueb,Καθηγητής,19804,Vasilis Vassalos,oaM-d7QAAAAJ,Unknown,Unknown,Unknown,Unknown,Unknown,1
Ανδρέας Βενέρης,Andreas Veneris,ECE ,"University of Toronto, Canada","University of Toronto, Canada",Καθηγητής,7637,Andreas Veneris,ItQhxCkAAAAJ,Unknown,Unknown,Unknown,Unknown,Unknown,1
Ιάκωβος  Βενιέρης,Iakovos  Venieris,Ηλεκτρολόγων Μηχ & Μηχ Υπολογιστών,ΕΜΠ,ntua,Καθηγητής,18531,Iakovos S. Venieris,Q0ylKvEAAAAJ,Unknown,Unknown,Unknown,Unknown,Unknown,1
Δημητριος  Βέργαδος,Dimitrios  Vergados,Πληροφορικής ,Πανεπιστήμιο Πειραιώς,unipi, Καθηγητής,4514,Dimitrios D. Vergados,bP0fRIEAAAAJ,Unknown,Unknown,Unknown,Unknown,Unknown,1
Χαρίδημος  Βέργος,Charidimos  Vergos,Μηχ. Η/Υ & Πληροφορικής ,Πανεπιστήμιο Πατρών,upatras,Καθηγητής,18796,Haridimos T. Vergos,dYOrcUIAAAAJ,Unknown,Unknown,Unknown,Unknown,Unknown,1
Βασίλειος Βερύκιος,Vasileios Verykios,θετικών Επιστημων και Τεχνολογίας,Ελληνικό Ανοικτό Πανεπιστήμιο,eap,Καθηγητής,17293,Vassilios Verykios,Md2HV1cAAAAJ,Unknown,Unknown,Unknown,Unknown,Unknown,1
Μαρία  Βίρβου,Maria  Virvou,Πληροφορικής,Πανεπιστήμιο Πειραιώς,unipi,Καθηγητής,8347,Maria Virvou,Ce6s_FoAAAAJ,Unknown,Unknown,Unknown,Unknown,Unknown,1
Θεόδωρος Βλάχος,Theodoros Vlachos,Τεχνών Ήχου και Εικόνας,Ιόνιο Πανεπιστήμιο,ionio,Αναπληρωτής Καθηγητής,988,Unknown,Unknown,Unknown,Unknown,Theodore Vlachos,Theodore-Vlachos-10715695,scientific-contributions,3
Κυριάκος Βλάχος,Kyriakos Vlachos,Μηχανικών Ηλεκτρονικών Υπολογιστών & Πληροφορικής,Πανεπιστήμιο Πατρών,upatras,Αναπληρωτής Καθηγητής,17723,Kyriakos Vlachos,dwzqmcQAAAAJ,Unknown,Unknown,Unknown,Unknown,Unknown,1
Σπυρίδων Βοσινάκης,Spyridon Vosinakis,Μηχανικών Σχεδίασης Προϊόντων και Συστημάτων,Πανεπιστήμιο Αιγαίου,aegean,Αναπληρωτής Καθηγητής,4839,Spyros Vosinakis,KjA46lQAAAAJ,Unknown,Unknown,Unknown,Unknown,Unknown,1
Δημοσθενης Βουγιουκας ,Dimosthenis Vougioukas ,Μηχανικων  Πληροφοριακων Και Επικοινωνιακων Συστηματων,Πανεπιστήμιο Αιγαίου,aegean,Καθηγητής,19519,Demosthenes Vouyioukas,iYvovHEAAAAJ,Unknown,Unknown,Unknown,Unknown,Unknown,1
Γεώργιος Βούρος,Georgios Vouros,Ψηφιακών Συστημάτων,Πανεπιστήμιο Πειραιώς,unipi,Καθηγητής,9884,George Vouros,PBX9aQUAAAAJ,Unknown,Unknown,Unknown,Unknown,Unknown,1
Μιχαήλ Βραχάτης,Michail Vrachatis,Μαθηματικών,Πανεπιστήμιο Πατρών,upatras,Καθηγητής,17224,Michael N. Vrahatis   (Greek: Μιχαήλ Ν. Βραχάτης),3mQhqcsAAAAJ,Unknown,Unknown,Unknown,Unknown,Unknown,1
Δαμιανός Γαβαλάς,Damianos Gavalas,Μηχανικών Σχεδίασης Προϊόντων και Συστημάτων,Πανεπιστήμιο Αιγαίου,aegean,Καθηγητής,6964,Damianos Gavalas,8kYj-SsAAAAJ,Unknown,Unknown,Unknown,Unknown,Unknown,1
Ευστράτιος Γαλλόπουλος,Efstratios Gallopoulos,Μηχανικών Η/Υ & Πληροφορικής,Πανεπιστήμιο Πατρών,upatras,Καθηγητής,1041,Efstratios Gallopoulos,WhMzaJwAAAAJ,Unknown,Unknown,Unknown,Unknown,Unknown,1
Θεόδουλος Γαρεφαλάκης,Theodoulos Garefalakis,Μαθηματικών & Εφαρμοσμένων Μαθηματικών,Πανεπιστήμιο Κρήτης,uoc,Καθηγητής,19418,Theo Garefalakis,O5CqgoUAAAAJ,Unknown,Unknown,Unknown,Unknown,Unknown,1
Ιωάννης Γαροφαλάκης,Ioannis Garofalakis,Μηχανικών Ηλεκτρονικών Υπολογιστών & Πληροφορικής,Πανεπιστήμιο Πατρών,upatras,Καθηγητής,9360,John Garofalakis,Lu6f_-wAAAAJ,Unknown,Unknown,Unknown,Unknown,Unknown,1
Μίνως Γαροφαλάκης,Minos Garofalakis,Ηλεκτρονικών Μηχ και Μηχ Υπολογιστών,Πολυτεχνείο Κρήτης,tuc,Καθηγητής,3674,Minos Garofalakis,WemX9rAAAAAJ,Unknown,Unknown,Unknown,Unknown,Unknown,1
Αντώνιος Γαστεράτος,Antonios Gasteratos,Μηχανικών Παραγωγής και  Διοίκησης,ΔΠΘ,duth,Καθηγητής,1794,Antonios Gasteratos,ZzxSO8QAAAAJ,Unknown,Unknown,Unknown,Unknown,Unknown,1
Τασούλα Γεωργάκη,Tasoula Georgaki,Μουσικών Σπουδών,Εθνικό Καποδιστριακο Πανεπιστήμιο Αθηνών,uoa, Καθηγητής,18329,anastasia Georgaki,1Q9pOAIAAAAJ,Unknown,Unknown,Unknown,Unknown,Unknown,1
Γιώργος Γεωργακόπουλος,Giorgos Georgakopoulos,Επιστήμης Υπολογιστών,Πανεπιστήμιο Κρήτης,uoc,Αναπληρωτής Καθηγητής,7075,George Georgakopoulos,AkCowUsAAAAJ,Unknown,Unknown,Unknown,Unknown,Unknown,1
Λεωνίδας Γεωργιάδης,Leonidas Georgiadis,Ηλεκτρολόγων Μηχ & Μηχ Υπολογιστών ,ΑΠΘ,auth,Καθηγητής,6050,Leonidas Georgiadis,GjFfiVwAAAAJ,Unknown,Unknown,Unknown,Unknown,Unknown,1
Νικόλαος Γεωργουλάς ,Nikolaos Georgoulas ,Ηλεκτρολόγων Μηχανικών και Μηχανικών Υπολογιστών,ΔΠΘ,duth,Καθηγητής,2974,Nikolaos Georgoulas,tqxUr4oAAAAJ,Unknown,Unknown,Unknown,Unknown,Unknown,1
Εμμανουήλ Γιακουμάκης,Emmanouil Giakoumakis,Επιστημών και Τεχνολογίας της Πληροφορίας,ΟΠΑ,aueb,Καθηγητής,8268,Emm. Giakoumakis,X3EmbHYAAAAJ,Unknown,Unknown,Unknown,Unknown,Unknown,1
Αθανάσιος Γιαννακόπουλος,Athanasios Giannakopoulos,Στατιστικής,Οικονομικό Πανεπιστήμιο Αθηνών,aueb,Καθηγητής,17551,A.N.Yannacopoulos,cvgdUCUAAAAJ,Unknown,Unknown,Unknown,Unknown,Unknown,1
Τραιανός Γιούλτσης,Traianos Gioultsis,Ηλεκτρολόγων Μηχ & Μηχ Υπολογιστών,ΑΠΘ,auth,Καθηγητής,18133,Traianos Yioultsis,PvzNtsQAAAAJ,Unknown,Unknown,Unknown,Unknown,Unknown,1
Δημήτριος Γκιζόπουλος,Dimitrios Gkizopoulos,Πληροφορικής και Τηλεπικοινωνιών,ΕΚΠΑ,uoa,Καθηγητής,18398,Dimitris Gizopoulos,8V03GF4AAAAJ,Unknown,Unknown,Unknown,Unknown,Unknown,1
Δρόσος Γκιντίδης,Drosos Gkintidis,Εφαρμοσμένων Μαθηματικών & Φυσικών Επιστημών,ΕΜΠ,ntua,Καθηγητής,17630,Drossos Gintides,iThPi7sAAAAJ,Unknown,Unknown,Unknown,Unknown,Unknown,1
Δημήτριος Γκρίτζαλης,Dimitrios Gkritzalis,Πληροφορικής,ΟΠΑ,aueb,Καθηγητής,8292,Dimitris A. Gritzalis,5hIalXgAAAAJ,Unknown,Unknown,Unknown,Unknown,Unknown,1
Στέφανος Γκρίτζαλης,Stefanos Gkritzalis,Ψηφιακών Συστημάτων,Πανεπιστήμιο Πειραιώς,unipi,Καθηγητής,18870,Stefanos Gritzalis,VCU5CYYAAAAJ,Unknown,Unknown,Unknown,Unknown,Unknown,1
Γεώργιος-Όθων Γλεντής,Georgios-Othon Glentis,Πληροφορικής και Τηλεπικοινωνιών,Πανεπιστήμιο Πελοπονήσσου,uop,Καθηγητής,9433,George Glentis,xPq5hU0AAAAJ,Unknown,Unknown,Unknown,Unknown,Unknown,1
Δημητριος  Γουνόπουλος,Dimitrios  Gounopoulos,Πληροφορικής και Τηλεπικοινωνιών,ΕΚΠΑ,uoa,Καθηγητής,6445,Dimitrios Gunopulos,PHJokEQAAAAJ,Unknown,Unknown,Unknown,Unknown,Unknown,1
Νικόλαος Γραμμαλίδης,Nikolaos Grammalidis,Ινστιτούτο Τεχνολογιών Πληροφορικής και Επικοινωνιών,ΕΚΕΤΑ,certh,Κύριος Ερευνητής,19358,Nikos Grammalidis,PIKpPjoAAAAJ,Unknown,Unknown,Unknown,Unknown,Unknown,1
Θεόδωρος Δαλαμάγκας,Theodoros Dalamagkas,Ινστιτούτο Πληροφοριακών Συστημάτων,"Ερευνητικό Κέντρο Καινοτομίας στις Τεχνολογίες της Πληροφορίας, των Επικοινωνιών & τηςΣ Γνώσης - ""ΑΘΗΝΑ"" ",athena-innovation,Διευθυντής Ερευνών,17708,Theodore Dalamagas,WJOLNAYAAAAJ,Unknown,Unknown,Unknown,Unknown,Unknown,1
Κώστας Δανιηλίδης,Kostas Daniilidis, Computer and Information Science ,University of Pennsylvania,University of Pennsylvania,Καθηγητής,4678,Kostas Daniilidis,dGs2BcIAAAAJ,Unknown,Unknown,Unknown,Unknown,Unknown,1
Μιχαήλ Δεβετσικιώτης - Χατζηνικολάου,Michail Devetsikiotis - Chatzinikolaou,Electrical and Computer Engineering,North Carolina State University,North Carolina State University,Καθηγητής,11511,Michael Devetsikiotis,G5hjq5EAAAAJ,Unknown,Unknown,Unknown,Unknown,Unknown,1
Αλέξιος Δελής,Alexios Delis,Πληροφροικής & Τηλεπικοινωνιών,ΕΚΠΑ,uoa,Καθηγητής,19716,Unknown,Unknown,Alexios Delis,15808649,Unknown,Unknown,Unknown,2
Παναγιώτης Δεμέστιχας,Panagiotis Demestichas,Ψηφιακών Συστημάτων,Πανεπιστήμιο Πειραιά,unipi,Καθηγητής,6554,Panagiotis Demestichas,0TYLd78AAAAJ,Unknown,Unknown,Unknown,Unknown,Unknown,1
Αργύριος Δέντσορας,Argyrios Dentsoras,Μηχανολόγων & Αεροναυπηγών Μηχανικών,Πανεπιστήμιο Πατρών,upatras,Καθηγητής,10991,Argyris Dentsoras,V6BwW20AAAAJ,Unknown,Unknown,Unknown,Unknown,Unknown,1
Ευάγγελος Δερματάς,Evangelos Dermatas,Τμήματος Μηχανικών Ηλεκτρονικών Υπολογιστών και Πληροφορικής,Πανεπιστήμιο Πατρών,upatras,Αναπληρωτής Καθηγητής,4803,Evangelos Dermatas,ireNT3QAAAAJ,Unknown,Unknown,Unknown,Unknown,Unknown,1
Βασίλειος Δημακόπουλος ,Vasileios Dimakopoulos ,Μηχανικών Ηλεκτρονικών Υπολογιστών & Πληροφορικής,Πανεπιστήμιο Ιωαννίνων,uoi,Αναπληρωτής Καθηγητής,522,Vassilios V. Dimakopoulos,JIGQWuAAAAAJ,Unknown,Unknown,Unknown,Unknown,Unknown,1
Ευθαλία Δημαρά,Efthalia Dimara,Οικονομικών Επιστημών,Πανεπιστήμιο Πατρών,upatras,Καθηγητής,8393,Efthalia Dimara,4F-8cl4AAAAJ,Unknown,Unknown,Unknown,Unknown,Unknown,1
Αγγελική Δημητρακοπούλου,Angeliki Dimitrakopoulou,Επιστημών Προσχολικής Αγωγής &  Εκπαιδευτικού Σχεδιασμού,Πανεπιστήμιο Αιγαίου,aegean,Καθηγητής,4399,Angelique Dimitracopoulou,vjVYyXwAAAAJ,Unknown,Unknown,Unknown,Unknown,Unknown,1
Ιωάννης Δημόπουλος,Ioannis Dimopoulos,Πληροφορικής,University of Cyprus,University of Cyprus,Καθηγητής,1879,"Ioannis Dimopoulos, Ioannis F. Dimopoulos, Yannis Dimopoulos",DWfINNgAAAAJ,Unknown,Unknown,Unknown,Unknown,Unknown,1
Νικόλαος Διαμαντής,Nikolaos Diamantis,School of Mathematical Science,University of Nottingham,University of Nottingham,Αναπληρωτής Καθηγητής,2863,Unknown,Unknown,Unknown,Unknown,Nikolaos Diamantis,Nikolaos-Diamantis,profile,3
Βασίλειος Διγαλάκης,Vasileios Digalakis,Ηλεκτρολόγων Μηχ & Μηχ Υπολογιστών,Πολυτεχνείο Κρήτης,tuc,Καθηγητής,4463,Vassilis Digalakis,8LcwaSYAAAAJ,Unknown,Unknown,Unknown,Unknown,Unknown,1
Απόστολος Δόλλας,Apostolos Dollas,Ηλεκτρολόγων Μηχ & Μηχ Υπολογιστών,Πολυτεχνείο Κρήτης,tuc,Καθηγητής,19914,Apostolos Dollas,4Q-zncUAAAAJ,Unknown,Unknown,Unknown,Unknown,Unknown,1
Ιωάννης Δολόγλου,Ioannis Dologlou,Ινστιτούτο Επεξεργασίας του Λόγου,"Ερευνητικό Κέντρο Καινοτομίας στις Τεχνολογίες της Πληροφορίας, των Επικοινωνιών & τηςΣ Γνώσης - ""ΑΘΗΝΑ"" ",athena-innovation,Διευθυντής Ερευνών,17763,ioannis dologlou,gR1xCV8AAAAJ,Unknown,Unknown,Unknown,Unknown,Unknown,1
Ζωή Δουλγέρη,Zoi Doulgeri,Ηλεκτρολόγων Μηχ & Μηχ Υπολογιστών,ΑΠΘ,auth,Καθηγητής,18259,Zoe Doulgeri,ubUmUrcAAAAJ,Unknown,Unknown,Unknown,Unknown,Unknown,1
Χρήστος Δουληγέρης,Christos Douligeris,Πληροφορικής,Πανεπιστήμιο Πειραιώς,unipi,Καθηγητής,18820,Christos Douligeris,f7-JRJUAAAAJ,Unknown,Unknown,Unknown,Unknown,Unknown,1
Γεώργιος Έλληνας,Georgios Ellinas,Electrical and Computer Engineering,University of Cyprus,University of Cyprus,Αναπληρωτής Καθηγητής,5840,Georgios Ellinas,5_21xI8AAAAJ,Unknown,Unknown,Unknown,Unknown,Unknown,1
Ιωάννης Εμίρης,Ioannis Emiris,Πληροφορικής και Τηλεπικοινωνιών,ΕΚΠΑ,uoa,Καθηγητής,4425,Ioannis Emiris,ZK6y-cIAAAAJ,Unknown,Unknown,Unknown,Unknown,Unknown,1
Γεώργιος Ευαγγελίδης,Georgios Evangelidis,Εφαρμοσμένης Πληροφορικής,Πανεπιστήμιο Μακεδονίας,uom,Καθηγητής,6852,Georgios Evangelidis,DeNMec4AAAAJ,Unknown,Unknown,Unknown,Unknown,Unknown,1
Παύλος Εφραιμίδης,Pavlos Efraimidis,Ηλεκτρολόγων Μηχ. & Μηχ. Υπολογιστών,ΔΠΘ,duth,Αναπληρωτής Καθηγητής,18194,Pavlos S. Efraimidis,Dxz0pLsAAAAJ,Unknown,Unknown,Unknown,Unknown,Unknown,1
Ξενοφών  Ζαμπούλης,Xenofon  Zampoulis,Ινστιτούτο Πληροφορικής,ΙΤΕ,forth,Κύριος Ερευνητής,17927,Xenophon Zabulis,mT6JlBIAAAAJ,Unknown,Unknown,Unknown,Unknown,Unknown,1
Ιωάννης Ζάννος ,Ioannis Zannos ,Τεχνών Ήχου και Εικόνας,Ιόνιο Πανεπιστήμιο,ionio,Καθηγητής,11497,Iannis Zannos,I-UWrxUAAAAJ,Unknown,Unknown,Unknown,Unknown,Unknown,1
Νικόλαος Ζαράνης,Nikolaos Zaranis,Παιδαγωγικό Προσχολικής Εκπαίδευσης,Πανεπιστήμιο Κρήτης,uoc, Καθηγητής,18135,Nicholas Zaranis,6gocJEwAAAAJ,Unknown,Unknown,Unknown,Unknown,Unknown,1
Χρήστος Ζαρολιάγκης,Christos Zaroliagkis,Μηχ. Η/Υ & Πληροφορικής,Πανεπιστήμιο Πατρών,upatras,Καθηγητής,18315,Christos Zaroliagis,L3AQ8wkAAAAJ,Unknown,Unknown,Unknown,Unknown,Unknown,1
Απόστολος Ζάρρας,Apostolos Zarras,Μηχανικών Ηλεκτρονικών Υπολογιστών & Πληροφορικής,Πανεπιστήμιο Ιωαννίνων,uoi,Αναπληρωτής Καθηγητής,1150,Apostolos Zarras,9nXN6XYAAAAJ,Unknown,Unknown,Unknown,Unknown,Unknown,1
Μιχαήλ Ζερβάκης,Michail Zervakis,Ηλεκτρολόγων Μηχ & Μηχ Υπολογιστών,Πολυτεχνείο Κρήτης,tuc,Καθηγητής,10147,Michalis Zervakis,-wlbrYcAAAAJ,Unknown,Unknown,Unknown,Unknown,Unknown,1
Μιχάλης Ζέρβας,Michalis Zervas,Optoelectronics Research Centre,University of Southampton,University of Southampton,Καθηγητής,1067,Michalis N. Zervas,inm2aNQAAAAJ,Unknown,Unknown,Unknown,Unknown,Unknown,1
Βασίλειος Ζησιμόπουλος,Vasileios Zisimopoulos,Πληροφορικής & Τηλεπικοινωνιών,ΕΚΠΑ,uoa,Καθηγητής,9507,V. Zissimopoulos,Uah1GyMAAAAJ,Unknown,Unknown,Unknown,Unknown,Unknown,1
 Κυριάκος Ζωηρός, Kyriakos Zoiros,Ηλεκτρολόγων Μηχανικών & Μηχανικών Η/Υ,ΔΠΘ,duth,Αναπληρωτής Καθηγητής,19606,KYRIAKOS ZOIROS,KcVeVFkAAAAJ,Unknown,Unknown,Unknown,Unknown,Unknown,1
Ιωάννης Θεοδωρίδης,Ioannis Theodoridis,Πληροφορικής,Πανεπιστήμιο Πειραιώς,unipi,Καθηγητής,7814,Yannis Theodoridis,1f5twhoAAAAJ,Unknown,Unknown,Unknown,Unknown,Unknown,1
Ιωάννης Θεοχάρης,Ioannis Theocharis,Ηλεκτρολόγων Μηχ και Μηχ Υπολογιστών,ΑΠΘ,auth,Καθηγητής,7754,John B. Theocharis,cluYahAAAAAJ,Unknown,Unknown,Unknown,Unknown,Unknown,1
Θεοχάρης Θεοχάρης ,Theocharis Theocharis ,Πληροφορικής & Τηλεπικοινωνιών,ΕΚΠΑ,uoa,Καθηγητής,8989,Theoharis Theoharis,1AuLBccAAAAJ,Unknown,Unknown,Unknown,Unknown,Unknown,1
Δημήτριος Θηλυκός,Dimitrios Thilykos,Μαθηματικών,ΕΚΠΑ,uoa,Καθηγητής,7623,Dimitrios M. Thilikos,L-q3PPkAAAAJ,Unknown,Unknown,Unknown,Unknown,Unknown,1
Κλεάνθης Θραμπουλίδης,Kleanthis Thrampoulidis,Ηλεκτρολόγων Μηχανικών & Τεχνολογίας Υπολογιστών,Πανεπιστήμιο Πατρών,upatras,Καθηγητής,19589,Kleanthis Thramboulidis,2KWb9fUAAAAJ,Unknown,Unknown,Unknown,Unknown,Unknown,1
Δημήτριος Ιακωβίδης,Dimitrios Iakovidis,Πληροφορικής με Έμφαση στη Βιοϊατρική,Πανεπιστήμιο Θεσσαλίας,uth, Καθηγητής,4686,Dimitris Iakovidis,Jg1ZJ1wAAAAJ,Unknown,Unknown,Unknown,Unknown,Unknown,1
Δημήτριος Ιωαννίδης,Dimitrios Ioannidis,Οικονομικών Επιστημών,Πανεπιστήμιο Μακεδονίας,uom,Καθηγητής,19906,Dimitrios Ioannides,Brc7FTEAAAAJ,Unknown,Unknown,Unknown,Unknown,Unknown,1
Ιωάννης Ιωαννίδης,Ioannis Ioannidis,Πληροφορικής & Τηλεπικοινωνιών,ΕΚΠΑ,uoa,Καθηγητής,19793,Yannis Ioannidis,MIfpzUQAAAAJ,Unknown,Unknown,Unknown,Unknown,Unknown,1
Θεοδώρα Ιωαννίδου,Theodora Ioannidou,Πολιτικών Μηχανικών,ΑΠΘ,auth,Καθηγητής,4017,Theodora Ioannidou,yYZbsa0AAAAJ,Unknown,Unknown,Unknown,Unknown,Unknown,1
Εργίνα Καβαλλιεράτου,Ergina Kavallieratou,Μηχανικών Πληροφοριακών και Επικοινωνιακών Συστημάτων,Πανεπιστήμιο Αιγαίου,aegean,Αναπληρωτής Καθηγητής,9365,Ergina Kavallieratou,uJVGw7kAAAAJ,Unknown,Unknown,Unknown,Unknown,Unknown,1
Χρυσοβαλάντης Καβουσιανός ,Chrysovalantis Kavousianos ,Μηχανικών Ηλεκτρονικών Υπολογιστών και Πληροφορικής,Πανεπιστήμιο Ιωαννίνων,uoi,Καθηγητής,1320,Xrysovalantis Kavousianos,GpEoeCUAAAAJ,Unknown,Unknown,Unknown,Unknown,Unknown,1
Δημήτριος Καλλές,Dimitrios Kalles,θετικών Επιστημων και Τεχνολογίας,Ελληνικό Ανοικτό Πανεπιστήμιο,eap,Καθηγητής,19008,Dimitris Kalles,mfu6U_MAAAAJ,Unknown,Unknown,Unknown,Unknown,Unknown,1
Παναγιώτης Καλνής,Panagiotis Kalnis,Επιστήμης Υπολογιστών,King Abdullah University of Science & Technology,King Abdullah University of Science & Technology,Καθηγητής,1946,Panos Kalnis,-NdSrrYAAAAJ,Unknown,Unknown,Unknown,Unknown,Unknown,1
Αχιλλέας Καμέας,Achilleas Kameas,θετικών Επιστημων και Τεχνολογίας,Ελληνικό Ανοικτό Πανεπιστήμιο,eap, Καθηγητής,1858,Unknown,Unknown,Unknown,Unknown,Achilles Kameas,Achilles-Kameas,profile,3
Γεωργιος     Καμπουρακης ,Georgios     Kampourakis ,Μηχανικων  Πληροφοριακων Και Επικοινωνιακων Συστηματων,Πανεπιστήμιο Αιγαίου,aegean,Καθηγητής,18554,Georgios Kambourakis,LJz0vqQaztcC,Unknown,Unknown,Unknown,Unknown,Unknown,1
Αιμίλιος-Βασίλειος  Καμπουρόπουλος ,Aimilios-Vasileios  Kampouropoulos ,Μουσικών Σπουδών,ΑΠΘ,auth, Καθηγητής,19655,Emilios Cambouropoulos,zibN-roAAAAJ,Unknown,Unknown,Unknown,Unknown,Unknown,1
Ιωάννης Καραγιάννης,Ioannis Karagiannis,Μηχ. Η/Υ & Πληροφορικής,Πανεπιστήμιο Πατρών,upatras, Καθηγητής,18311,Ioannis Caragiannis,FSIQi4IAAAAJ,Unknown,Unknown,Unknown,Unknown,Unknown,1
Χαράλαμπος Καραγιαννίδης ,Charalampos Karagiannidis ,Παιδαγωγικό Είδικής Αγωγής,Πανεπιστήμιο Θεσσαλίας,uth,Καθηγητής,7729,Karagiannidis Charalampos,QZQ7DXkAAAAJ,Unknown,Unknown,Unknown,Unknown,Unknown,1
Γεώργιος Καραγιαννίδης ,Georgios Karagiannidis ,Ηλεκτρολόγων Μηχ & Μηχ Υπολογιστών,ΑΠΘ,auth,Καθηγητής,19446,George K. Karagiannidis,7FZ1r94AAAAJ,Unknown,Unknown,Unknown,Unknown,Unknown,1
Κωνσταντίνος Καραθανάσις,Konstantinos Karathanasis,School of Music,"University of Oklahoma, USA","University of Oklahoma, USA",Καθηγητής,1212,Unknown,Unknown,Unknown,Unknown,Unknown,Unknown,Unknown,0
Γεωργία Κάραλη,Georgia Karali,Μαθηματικών & Εφαρμοσμένων Μαθηματικών,Πανεπιστήμιο Κρήτης,uoc,Καθηγητής,11144,Georgia Karali,Ae5ALHUAAAAJ,Unknown,Unknown,Unknown,Unknown,Unknown,1
Γεώργιος Καραμπάτης,Georgios Karampatis, Information Systems,University of Maryland Baltimore County (UMBC),University of Maryland Baltimore County (UMBC),Αναπληρωτής Καθηγητής,6153,Unknown,Unknown,Unknown,Unknown,George Karabatis,George-Karabatis,profile,3
Νικόλαος Καραμπετάκης,Nikolaos Karampetakis,Μαθηματικών,ΑΠΘ,auth,Καθηγητής,4693,Nicholas Karampetakis,TkKJCukAAAAJ,Unknown,Unknown,Unknown,Unknown,Unknown,1
Ιωάννης  Καραφυλλίδης ,Ioannis  Karafyllidis ,Ηλεκτρολόγων Μηχ. & Μηχ. Υπολογιστών ,ΔΠΘ,duth,Καθηγητής,18658,Ioannis Karafyllidis,WbkfjB4AAAAJ,Unknown,Unknown,Unknown,Unknown,Unknown,1
Νικόλαος Καραχάλιος,Nikolaos Karachalios,Μαθηματικών,Πανεπιστήμιο Αιγαίου,aegean,Καθηγητής,19233,NIKOLAOS KARACHALIOS,Pptq4PwAAAAJ,Unknown,Unknown,Unknown,Unknown,Unknown,1
Γεώργιος Καρύπης,Georgios Karypis,Computer Science and Engineering,University of Minnesota,University of Minnesota,Καθηγητής,7274,George Karypis,ElqwScwAAAAJ,Unknown,Unknown,Unknown,Unknown,Unknown,1
Ελπίδα Κεραυνού - Παπαηλιού,Elpida Keravnou - Papailiou, Πληροφορικής,Cyprus University of Technology,Cyprus University of Technology,Καθηγητής,4473,Unknown,Unknown,Unknown,Unknown,Elpida T. Keravnou,Elpida-Keravnou,profile,3
Αθανάσιος Κεχαγιάς,Athanasios Kechagias,Ηλεκτρολόγων Μηχ & Μηχ Υπολογιστών,ΑΠΘ,auth,Αναπληρωτής Καθηγητής,17977,Athanasios Kehagias,AiqUHA8AAAAJ,Unknown,Unknown,Unknown,Unknown,Unknown,1
Κωνσταντίνος Κλουκίνας,Konstantinos Kloukinas, Μicroelectronics engineer,CERN the European Organization for Nuclear Research,CERN the European Organization for Nuclear Research,Κύριος Ερευνητής,5310,Kostas Kloukinas,tbVLx8sAAAAJ,Unknown,Unknown,Unknown,Unknown,Unknown,1
Χριστόφορος Κοζυράκης,Christoforos Kozyrakis, Electrical Engineering and Computer Science,Stanford University,Stanford University,Καθηγητής,6966,Christos Kozyrakis,G2EJz5kAAAAJ,Unknown,Unknown,Unknown,Unknown,Unknown,1
Νεκτάριος Κοζύρης,Nektarios Kozyris,Ηλεκτρολόγων Μηχ & Μηχ Υπολογιστών,ΕΜΠ,ntua,Καθηγητής,19471,Nectarios Koziris,wgwP96QAAAAJ,Unknown,Unknown,Unknown,Unknown,Unknown,1
Χρυσή Κοκολογιαννάκη,Chrysi Kokologiannaki,Μαθηματικών,Πανεπιστήμιο Πατρών,upatras,Καθηγητής,19951,Chrysi Kokologiannaki,5bM3fdIAAAAJ,Unknown,Unknown,Unknown,Unknown,Unknown,1
Στέφανος Κόλλιας ,Stefanos Kollias ,Ηλεκτρολόγων Μηχ & Μηχ Υπολογιστών,ΕΜΠ,ntua,Καθηγητής,18205,Stefanos Kollias,-h2va3cAAAAJ,Unknown,Unknown,Unknown,Unknown,Unknown,1
Σταύρος Κολλιόπουλος,Stavros Kolliopoulos,Πληροφορικής και Τηλεπικοινωνιών,ΕΚΠΑ,uoa,Καθηγητής,18495,Stavros Kolliopoulos,1jZJgWQAAAAJ,Unknown,Unknown,Unknown,Unknown,Unknown,1
Βασίλειος Κόμης,Vasileios Komis,Επιστημών της Εκπαίδευσης & της Αγωγής στην Προσχολική Ηλικία,Πανεπιστήμιο Πατρών,upatras,Καθηγητής,4952,Vassilis Komis,y-hRoJQAAAAJ,Unknown,Unknown,Unknown,Unknown,Unknown,1
Λυσίμαχος-Παύλος Κόντης,Lysimachos-Pavlos Kontis,Μηχανικών Η.Υ. & Πληροφορικής,Πανεπιστήμιο Ιωαννίνων,uoi,Καθηγητής,171,Lisimachos Kondi,VVz5ATwAAAAJ,Unknown,Unknown,Unknown,Unknown,Unknown,1
Αριστείδης Κοντογεώργης,Aristeidis Kontogeorgis,Μαθηματικών,ΕΚΠΑ,uoa,Καθηγητής,18766,Aristides Kontogeorgis,ydP9h5cAAAAJ,Unknown,Unknown,Unknown,Unknown,Unknown,1
Κωνσταντίνος Κοντογιάννης,Konstantinos Kontogiannis,Ηλεκτρολόγων Μηχανικών & Μηχανικών Υπολογιστών,ΕΜΠ,ntua,Αναπληρωτής Καθηγητής,18652,Kostas Kontogiannis,gNZOUUAAAAAJ,Unknown,Unknown,Unknown,Unknown,Unknown,1
Δημήτριος Κουγιουμτζής,Dimitrios Kougioumtzis,Ηλεκτρολόγων Μηχ & Μηχ Υπολογιστών,ΑΠΘ,auth,Καθηγητής,18580,D Kugiumtzis,SgQOqeIAAAAJ,Unknown,Unknown,Unknown,Unknown,Unknown,1
Χρήστος Κουκουβίνος,Christos Koukouvinos,Εφαρμοσμένων Μαθηματικών & Φυσικών Επιστημών,ΕΜΠ,ntua,Καθηγητής,5932,Christos Koukouvinos,XV73_qEAAAAJ,Unknown,Unknown,Unknown,Unknown,Unknown,1
Εμμανουήλ Κουμπαράκης,Emmanouil Koumparakis,Πληροφορικής και Τηλεπικοινωννιών,ΕΚΠΑ,uoa,Καθηγητής,9714,Manolis Koubarakis,FKy2868AAAAJ,Unknown,Unknown,Unknown,Unknown,Unknown,1
Γεώργιος Κουρουπέτρογλου ,Georgios Kouroupetroglou ,Πληροφορικής και Τηλεπικοινωνιών,Εθνικό Καποδιστριακο Πανεπιστήμιο Αθηνών,uoa,Καθηγητής,18734,Georgios Kouroupetroglou,utmrHCoAAAAJ,Unknown,Unknown,Unknown,Unknown,Unknown,1
Κυριάκος Κουτουλάκος,Kyriakos Koutoulakos,Computer Science,University of Toronto,University of Toronto,Καθηγητής,7124,Kyros Kutulakos,bQJWJPYAAAAJ,Unknown,Unknown,Unknown,Unknown,Unknown,1
Ευτύχιος Κουτρούλης,Eftychios Koutroulis,Ηλεκτρολόγων Μηχανικών & Μηχανικών Υπολογιστών,Πολυτεχνείο Κρήτης,tuc,Αναπληρωτής Καθηγητής,18992,Eftichis Koutroulis,qd8CMdgAAAAJ,Unknown,Unknown,Unknown,Unknown,Unknown,1
Διον.-Δημήτριος Κουτσουρής,Dion.-Dimitrios Koutsouris,Ηλεκτρολόγων Μηχ & Μηχ Υπολογιστών,ΕΜΠ,ntua,Καθηγητής,155,Dimitrios Koutsouris,tTm7CCAAAAAJ,Unknown,Unknown,Unknown,Unknown,Unknown,1
Οδυσσέας Κουφοπαυλου ,Odysseas Koufopavlou ,Ηλεκτρολόγων Μηχ & Τεχνολογίας υπολογιστών,Παν/μιο Πατρών ,upatras,Καθηγητής,17652,Odysseas Koufopavlou,e86zmDoAAAAJ,Unknown,Unknown,Unknown,Unknown,Unknown,1
 Εμμανουήλ Κριεζής, Emmanouil Kriezis,Ηλεκτρολόγων Μηχ & Μηχ Υπολογιστών,ΑΠΘ,auth,Καθηγητής,3707,Emmanouil Kriezis,CUb8oGIAAAAJ,Unknown,Unknown,Unknown,Unknown,Unknown,1
Νικόλαος Κυρπίδης,Nikolaos Kyrpidis,Department of Energy ,Joint Genome Institute,Joint Genome Institute,Διευθυντής Ερευνών,7506,Nikos C Kyrpides,0FuZRPYAAAAJ,Unknown,Unknown,Unknown,Unknown,Unknown,1
Ελισάβετ Κωνσταντίνου,Elisavet Konstantinou,Μηχανικών Πληροφοριακών και Επικοινωνιακών Συστημάτων,Πανεπιστήμιο Αιγαίου,aegean,Επίκουρος Καθηγητής (Μόνιμος),5934,Elisavet Konstantinou,V5atJsEAAAAJ,Unknown,Unknown,Unknown,Unknown,Unknown,1
Παναγιώτης Κωνσταντόπουλος,Panagiotis Konstantopoulos,Πληροφορικης,ΟΠΑ,aueb,Καθηγητής,18164,Panos Constantopoulos,EAagfCoAAAAJ,Unknown,Unknown,Unknown,Unknown,Unknown,1
Χαράλαμπος Κωνσταντόπουλος,Charalampos Konstantopoulos,Πληροφορικης,Πανεπιστήμιο Πειραιώς,unipi,Αναπληρωτής Καθηγητής,13839,Charalampos Konstantopoulos,Q0GeDawAAAAJ,Unknown,Unknown,Unknown,Unknown,Unknown,1
Παναγιώτης  Κωττής,Panagiotis  Kottis,Ηλεκτρολόγων Μηχ & Μηχ Υπολογιστών,ΕΜΠ,ntua,Καθηγητής,4033,Unknown,Unknown,P. Cottis,1716787,Unknown,Unknown,Unknown,2
Μιχαήλ Λαγουδάκης,Michail Lagoudakis,Ηλεκτρονικών Μηχ και Μηχ Υπολογιστών,Πολυτεχνείο Κρήτης,tuc,Αναπληρωτής Καθηγητής,3647,Michail G. Lagoudakis,VqHiIg8AAAAJ,Unknown,Unknown,Unknown,Unknown,Unknown,1
Σπυρίδων-Γεράσιμος  Λάλης,Spyridon-Gerasimos  Lalis,Ηλεκτρολόγων Μηχανικών & Μηχανικών Υπολογιστών,Πανεπιστήμιο Θεσσαλίας,uth,Καθηγητής,17837,Spyros Lalis,1hCQK9oAAAAJ,Unknown,Unknown,Unknown,Unknown,Unknown,1
Ανδρέας Λανίτης,Andreas Lanitis, Multimedia and Graphic Arts,Cyprus University of Technology,Cyprus University of Technology,Αναπληρωτής Καθηγητής,8086,Andreas Lanitis,LV7ud3IAAAAJ,Unknown,Unknown,Unknown,Unknown,Unknown,1
 Θεόδωρος Λαόπουλος, Theodoros Laopoulos,Φυσικής,ΑΠΘ,auth,Καθηγητής,17535,Theodore Laopoulos,Kb2N6d4AAAAJ,Unknown,Unknown,Unknown,Unknown,Unknown,1
Γεώργιος Λέπουρας,Georgios Lepouras,Πληροφορικής & Τηλεπικοινωνιών,Πανεπιστήμιο Πελοποννήσου,uop,Καθηγητής,18491,George Lepouras,AZ9U32YAAAAJ,Unknown,Unknown,Unknown,Unknown,Unknown,1
Μιχαήλ  Λογοθέτης,Michail  Logothetis,Ηλεκτρολόγων Μηχ & Τεχνολογίας Υπολογιστών,Πανεπιστήμιο Πατρών,upatras,Καθηγητής,8497,Michael D. Logothetis,ybBA1ZIAAAAJ,Unknown,Unknown,Unknown,Unknown,Unknown,1
Εμμανουήλ Λουράκης,Emmanouil Lourakis,Ινστιτούτο Πληροφορικής,ΙΤΕ,forth,Διευθυντής Ερευνών,18073,Manolis Lourakis,4YYxk1IAAAAJ,Unknown,Unknown,Unknown,Unknown,Unknown,1
Μαλαματή Λούτα,Malamati Louta,Ηλεκτρολόγων Μηχανικών & Μηχανικών Υπολογιστών,Πανεπιστήμιο Δυτικής Μακεδονίας,uowm,Αναπληρωτής Καθηγητής,8334,Malamati Louta,5yvGyGsAAAAJ,Unknown,Unknown,Unknown,Unknown,Unknown,1
Αριστείδης Λύκας,Aristeidis Lykas,Μηχανικών Ηλεκτρονικών Υπολογιστών  & Πληροφορικής,Πανεπιστήμιο Ιωαννίνων,uoi,Καθηγητής,11212,Aristidis Likas,kb39Kx0AAAAJ,Unknown,Unknown,Unknown,Unknown,Unknown,1
Σπυρίδων Λυκοθανάσης,Spyridon Lykothanasis,Μηχανικών Ηλεκτρονικών Υπολογιστών  & Πληροφορικής,Πανεπιστήμιο Πατρών,upatras,Καθηγητής,17284,Likothanassis S.,x0Xemm8AAAAJ,Unknown,Unknown,Unknown,Unknown,Unknown,1
Νίκος Μαγκλαβέρας,Nikos Magklaveras,Ιατρική,ΑΠΘ,auth,Καθηγητής,18291,"Nicos Maglaveras, FEAMBES",2CCz8x0AAAAJ,Unknown,Unknown,Unknown,Unknown,Unknown,1
Εμμανουήλ Μάγκος,Emmanouil Magkos,Πληροφορικής,Ιόνιο Πανεπιστήμιο,ionio,Αναπληρωτής Καθηγητής,17022,Emmanouil (Manos) Magkos,qy_LFbsAAAAJ,Unknown,Unknown,Unknown,Unknown,Unknown,1
Γεώργιος Μακράκης,Georgios Makrakis,Μαθηματικών & Εφαρμοσμένων Μαθηματικών,Πανεπιστήμιο Κρήτης,uoc,Καθηγητής,17699,George N. Makrakis,0uErzsEAAAAJ,Unknown,Unknown,Unknown,Unknown,Unknown,1
Γεώργιος Μακρής,Georgios Makris,Electrical Engineering,University of Texas at Dallas,University of Texas at Dallas,Καθηγητής,9069,Yiorgos Makris,dUO4lKwAAAAJ,Unknown,Unknown,Unknown,Unknown,Unknown,1
Νικόλαος Μαλεύρης,Nikolaos Malevris,Πληροφορικής,ΟΠΑ,aueb,Καθηγητής,144,N. Malevris,PJ748-EAAAAJ,Unknown,Unknown,Unknown,Unknown,Unknown,1
Νικόλαος Μαμουλής,Nikolaos Mamoulis,Μηχ Ηλεκτρονικών Υπολογιστών & Πληροφορικής,Πανεπιστήμιο Ιωαννίνων,uoi, Καθηγητής,18640,Nikos Mamoulis,jOvUDjYAAAAJ,Unknown,Unknown,Unknown,Unknown,Unknown,1
Αικατερίνη Μανιά,Aikaterini Mania,Ηλεκτρονικών Μηχ και Μηχ Υπολογιστών,Πολυτεχνειο Κρήτης,tuc,Αναπληρωτής Καθηγητής,10330,Katerina Mania,fq9RjXsAAAAJ,Unknown,Unknown,Unknown,Unknown,Unknown,1
Ιωάννης Μανουσάκης,Ioannis Manousakis,Computer Science,"LRI, University Paris South, Orsay","LRI, University Paris South, Orsay",Καθηγητής,11102,Ioannis Manousakis,5rA-dYcAAAAJ,Unknown,Unknown,Unknown,Unknown,Unknown,1
Ηλίας Μανωλάκος,Ilias Manolakos,Πληροφορικής & Τηλεπικοινωνιών,ΕΚΠΑ,uoa,Καθηγητής,17276,Elias S. Manolakos,fO1mhBoAAAAJ,Unknown,Unknown,Unknown,Unknown,Unknown,1
Πέτρος Μαραγκός,Petros Maragkos,Ηλεκτρολόγων Μηχανικών & Μηχανικών Υπολογιστών,ΕΜΠ,ntua,Καθηγητής,10326,Petros Maragos,A2XydgGCY9gC,Unknown,Unknown,Unknown,Unknown,Unknown,1
Εμμανουήλ Μαραγκουδάκης,Emmanouil Maragkoudakis,Πληροφορικής,Ιόνιο Πανεπιστήμιο,ionio,Καθηγητής,19548,Manolis Maragoudakis,MYXXMRIAAAAJ,Unknown,Unknown,Unknown,Unknown,Unknown,1
Κωνσταντίνος Μαργαρίτης,Konstantinos Margaritis,Εφαρμοσμένης Πληροφορικής,Πανεπιστήμιο Μακεδονίας,uom,Καθηγητής,6934,Konstantinos G. Margaritis,YAzF48oAAAAJ,Unknown,Unknown,Unknown,Unknown,Unknown,1
Κωνσταντίνος Μαρκαντωνάκης,Konstantinos Markantonakis,Information Security Group,"Royal Holloway, University of London","Royal Holloway, University of London", Καθηγητής,3716,Konstantinos Markantonakis,NygekFcAAAAJ,Unknown,Unknown,Unknown,Unknown,Unknown,1
Ευάγγελος Μαρκάτος,Evangelos Markatos,Επιστήμης Υπολογιστών,Πανεπιστήμιο Κρήτης,uoc,Καθηγητής,4137,Evangelos Markatos,Wk7e-kIAAAAJ,Unknown,Unknown,Unknown,Unknown,Unknown,1
Κωνσταντίνος Μασσέλος,Konstantinos Masselos,Πληροφορικής και Τηλεπικοινωνιών,Πανεπιστήμιο Πελοποννήσου,uop,Καθηγητής,3560,Konstantinos Masselos,aJt79fYAAAAJ,Unknown,Unknown,Unknown,Unknown,Unknown,1
Ιωάννης Μαυρίδης,Ioannis Mavridis,Εφαρμοσμένης Πληροφορικής,Πανεπιστήμιο Μακεδονίας,uom,Καθηγητής,3176,Ioannis Mavridis,l2FvCz8AAAAJ,Unknown,Unknown,Unknown,Unknown,Unknown,1
Μάριος Μαυρονικόλας,Marios Mavronikolas, Πληροφορικής,University of Cyprus,University of Cyprus,Καθηγητής,1892,Marios Mavronicolas,PAACT74AAAAJ,Unknown,Unknown,Unknown,Unknown,Unknown,1
Βασίλειος Μεγαλοοικονόμου,Vasileios Megalooikonomou,Μηχανικών Ηλεκτρονικών Υπολογιστών και Πληροφορικής,Πανεπιστήμιο Πατρών,upatras,Καθηγητής,7710,Vasileios Megalooikonomou,toMnRo0AAAAJ,Unknown,Unknown,Unknown,Unknown,Unknown,1
Λάζαρος  Μεράκος,Lazaros  Merakos,Πληροφορικής & Τηλεπικοινωνιών,ΕΚΠΑ,uoa,Καθηγητής,18649,Lazaros Merakos,H5xlwE4AAAAJ,Unknown,Unknown,Unknown,Unknown,Unknown,1
Παναγιώτης Μεταξάς,Panagiotis Metaxas, Computer Science,Wellesley College,Wellesley College,Professor,419,"Panagiotis ""Takis"" Metaxas",7tc03WEAAAAJ,Unknown,Unknown,Unknown,Unknown,Unknown,1
Ευάγγελος Μήλιος,Evangelos Milios, Computer Science,Dalhousie University,Dalhousie University,Καθηγητής,2289,Evangelos Milios,ME8aQywAAAAJ,Unknown,Unknown,Unknown,Unknown,Unknown,1
Περικλής Μήτκας,Periklis Mitkas,Ηλεκτρολόγων Μηχ & Μηχ Υπολογιστών,ΑΠΘ,auth,Καθηγητής,7874,Pericles A. Mitkas,t58rc8QAAAAJ,Unknown,Unknown,Unknown,Unknown,Unknown,1
Αναστάσιος Μικρόπουλος,Anastasios Mikropoulos,Παιδαγωγικό Δημοτικής Εκπαίδευσης,Πανεπιστήμιο Ιωαννίνων,uoi,Καθηγητής,9865,Tassos Anastasios Mikropoulos,3ZaLmnkAAAAJ,Unknown,Unknown,Unknown,Unknown,Unknown,1
Ανδρέας Μνιέστρης ,Andreas Mniestris ,Μουσικών Σπουδών,Ιόνιο Πανεπιστήμιο,ionio,Αναπληρωτής Καθηγητής,3752,Unknown,Unknown,Unknown,Unknown,Andreas Mniestris,Andreas_Mniestris,profile,3
Παναγιώτα Μορφούλη,Panagiota Morfouli,school of Engineering and Management,Institut Polytechnique de Grenoble,Institut Polytechnique de Grenoble,Καθηγητής,5054,Unknown,Unknown,Unknown,Unknown,Panagiota Morfouli,Panagiota-Morfouli,profile,3
Κυριάκος Μουρατίδης,Kyriakos Mouratidis,Επιστήμης Υπολογιστών,Singapore Management University,Singapore Management University,Αναπληρωτής Καθηγητής,7843,Kyriakos Mouratidis,vq5oTnEAAAAJ,Unknown,Unknown,Unknown,Unknown,Unknown,1
Χαράλαμπος Μουρατίδης,Charalampos Mouratidis,"School of Computing, Engineering and Mathematics",University of Brighton,University of Brighton,Καθηγητής,1072,Haralambos Mouratidis,sw7Y1IAAAAAJ,Unknown,Unknown,Unknown,Unknown,Unknown,1
Κωνσταντίνος Μουρλάς,Konstantinos Mourlas,Επικοινωνίας & Μέσων Μαζικής Ενημέρωσης,ΕΚΠΑ,uoa,Αναπληρωτής Καθηγητής,19426,Constantinos Mourlas,dpp4-kkAAAAJ,Unknown,Unknown,Unknown,Unknown,Unknown,1
Ιωάννης Μουρτζόπουλος,Ioannis Mourtzopoulos,Ηλεκτρολόγων Μηχανικών & Τεχνολογίας Υπολογιστών,Πανεπιστήμιο Πατρών,upatras,Καθηγητής,18243,John Mourjopoulos,CitiWhkAAAAJ,Unknown,Unknown,Unknown,Unknown,Unknown,1
Κωνσταντίνος Μουστάκας,Konstantinos Moustakas,Ηλεκτρολόγων Μηχανικών & Τεχνολογίας Υπολογιστών,Πανεπιστήμιο Πατρών,upatras,Αναπληρωτής Καθηγητής,18850,Konstantinos Moustakas,E361geAAAAAJ,Unknown,Unknown,Unknown,Unknown,Unknown,1
Γεώργιος  Μουστακίδης,Georgios  Moustakidis,Ηλεκτρολόγων Μηχ. & Τεχνολογίας Υπολογιστών,Πανεπιστήμιο Πατρών,upatras,Καθηγητής,9762,George V. Moustakides,O5YDyjoAAAAJ,Unknown,Unknown,Unknown,Unknown,Unknown,1
Αθανάσιος Μουχτάρης,Athanasios Mouchtaris,Επιστήμης Υπολογιστών,Πανεπιστήμιο Κρήτης,uoc,Αναπληρωτής Καθηγητής,19537,Athanasios Mouchtaris,CMNg4XUAAAAJ,Unknown,Unknown,Unknown,Unknown,Unknown,1
Παντελής Μπάγκος,Pantelis Bagkos,Πληροφορικής με Εφαρμογές στη Βιοϊατρική ,Πανεπιστήμιο Θεσσαλίας,uth,Καθηγητής,18109,Pantelis Bagos,k3osijsAAAAJ,Unknown,Unknown,Unknown,Unknown,Unknown,1
Στυλιανός Μπακαμίδης,Stylianos Bakamidis,Ινστιτούτο Επεξεργασίας του Λόγου,Ε.Κ. Αθηνά,athena-innovation,Διευθυντής Ερευνών,17848,Unknown,Unknown,Unknown,Unknown,Stelios Bakamidis,Stelios-Bakamidis-70993941,scientific-contributions,3
 Κωνσταντίνος Μπάλας, Konstantinos Balas,Ηλεκτρονικών Μηχ και Μηχ Υπολογιστών,Πολυτεχνείο Κρήτης,tuc,Καθηγητής,19456,Costas Balas,NkVkf9QAAAAJ,Unknown,Unknown,Unknown,Unknown,Unknown,1
Ευριπίδης Μπάμπης,Evripidis Bampis,Computer Science,"Sorbonne Universités, Université Pierre et Marie Curie (Paris 6)","Sorbonne Universités, Université Pierre et Marie Curie (Paris 6)",Καθηγητής,1861,Evripidis Bampis,EWSHV58AAAAJ,Unknown,Unknown,Unknown,Unknown,Unknown,1
Γεράσιμος Μπαρμπάτης,Gerasimos Barmpatis,Μαθηματικών,ΕΚΠΑ,uoa,Καθηγητής,6742,Gerassimos Barbatis,RPgXKw8AAAAJ,Unknown,Unknown,Unknown,Unknown,Unknown,1
Νικόλαος Μπέλλας ,Nikolaos Bellas ,Ηλεκτρολόγων Μηχανικών και Μηχανικών Υπολογιστών,Πανεπιστήμιο Θεσσαλίας,uth, Καθηγητής,9811,Nikolaos Bellas,vHo4xHoAAAAJ,Unknown,Unknown,Unknown,Unknown,Unknown,1
Παναγιώτης Μπένος,Panagiotis Benos,Computational and Systems Biology,University of Pittsburgh,University of Pittsburgh,Καθηγητής,1128,Panayiotis (Takis) Benos,B5NDW0EAAAAJ,Unknown,Unknown,Unknown,Unknown,Unknown,1
Κων/νος Μπερμπερίδης,Kon/nos Bermperidis,Μηχανικών Ηλεκτρονικών Υπολογιστών και Πληροφορικής,Πανεπιστήμιο Πατρών,upatras,Καθηγητής,9995,K Berberidis,oxBjm0IAAAAJ,Unknown,Unknown,Unknown,Unknown,Unknown,1
Αντώνιος Μπικάκης,Antonios Bikakis, Information Studies,University College London,University College London,Αναπληρωτής Καθηγητής,5450,Antonis Bikakis,KBQAiW4AAAAJ,Unknown,Unknown,Unknown,Unknown,Unknown,1
Άγγελος Μπίλας,Angelos Bilas,Επιστήμης Υπολογιστών,Πανεπιστήμιο Κρήτης,uoc,Καθηγητής,18041,Angelos Bilas,JZDNQaMAAAAJ,Unknown,Unknown,Unknown,Unknown,Unknown,1
Αλέξιος Μπίρμπας,Alexios Birmpas,Ηλεκτρ. Μηχ. και τεχν. Η/Υ,Παν/μιο Πατρών,upatras,Καθηγητής,19404,Alexios Birbas,kCHXN28AAAAJ,Unknown,Unknown,Unknown,Unknown,Unknown,1
Κωνσταντίνος Μπλέκας,Konstantinos Blekas,Μηχανικών Ηλεκτρονικών Υπολογιστών και Πληροφορικής,Πανεπιστήμιο Ιωαννίνων,uoi,Αναπληρωτής Καθηγητής,8741,Konstantinos Blekas,dgH4XJkAAAAJ,Unknown,Unknown,Unknown,Unknown,Unknown,1
Σπυρίδων Μπλιώνας,Spyridon Blionas,Πληροφορικής & Τηλεπικοινωνιών,Πανεπιστήμιο Πελοποννήσου,uop,Αναπληρωτής Καθηγητής,11178,Blionas,eGFLu38AAAAJ,Unknown,Unknown,Unknown,Unknown,Unknown,1
Αντώνιος Μπόγρης,Antonios Bogris,Μηχανικών Πληροφορικής και Υπολογιστών Πανεπιστήμιο Δυτικής Αττικής  (Μηχανικών Πληροφορικής Τ.Ε.),Πανεπιστήμιο Δυτικής Αττικής  (ΤΕΙ Αθήνας),uniwa,Καθηγητής,18905,Adonis Bogris,3lXJLxwAAAAJ,Unknown,Unknown,Unknown,Unknown,Unknown,1
Χρήστος Μπούρας ,Christos Bouras ,Μηχανικών Ηλεκτρονικών Υπολογιστών και Πληροφορικής,Πανεπιστήμιο Πατρών,upatras,Καθηγητής,9829,Christos J. Bouras,p7sg-GwAAAAJ,Unknown,Unknown,Unknown,Unknown,Unknown,1
Νικόλαος Μπουρμπάκης,Nikolaos Bourmpakis,Informatics and Technology,Wright State University,Wright State University,Καθηγητής,2334,Unknown,Unknown,Unknown,Unknown,Nikolaos G Bourbakis,Nikolaos-G-Bourbakis-35011032,scientific-contributions,3
Ιωάννης Μπούταλης,Ioannis Boutalis,Ηλεκτρολόγων Μηχανικών & Μηχανικών Η/Υ,ΔΠΘ,duth,Καθηγητής,19667,Yiannis Boutalis,DtG4Y5MAAAAJ,Unknown,Unknown,Unknown,Unknown,Unknown,1
Ματτίας Μπούχερ,Mattias Boucher,Ηλεκτρονικών Μηχανικών & Μηχανικών Υπολογιστών,Πολυτεχνείο Κρήτης,tuc,Αναπληρωτής Καθηγητής,6511,Matthias Bucher,zgJbCb0AAAAJ,Unknown,Unknown,Unknown,Unknown,Unknown,1
Παύλος Μωραϊτης,Pavlos Moraitis,Mathematics and Computer Science,Paris Descartes University/Laboratory of Informatics Paris Descartes (LIPADE),Paris Descartes University/Laboratory of Informatics Paris Descartes (LIPADE),Καθηγητής,3395,Unknown,Unknown,Pavlos Moraitis,1865895,Unknown,Unknown,Unknown,2
Κωνσταντίνα Νικήτα,Konstantina Nikita,Ηλεκτρολόγων Μηχανικών και Μηχανικών Υπολογιστών,ΕΜΠ,ntua,Καθηγητής,10889,Konstantina Nikita,4t9gJcUAAAAJ,Unknown,Unknown,Unknown,Unknown,Unknown,1
Μαρία Νικολαϊδη,Maria Nikolaidi,Πληροφορικής και Τηλεματικής,Χαροκόπειο Πανεπιστήμιο,hua,Καθηγητής,19523,Maria Nikolaidi,0O0Nu2cAAAAJ,Unknown,Unknown,Unknown,Unknown,Unknown,1
 Σπυρίδων Νικολαϊδης, Spyridon Nikolaidis,Φυσικής,ΑΠΘ,auth,Καθηγητής,18160,Spyridon Nikolaidis,CeK-UugAAAAJ,Unknown,Unknown,Unknown,Unknown,Unknown,1
Ιωάννης Νικολαϊδης,Ioannis Nikolaidis,Computing Science,University of Alberta,University of Alberta,Professor,7285,Ioanis Nikolaidis,GXSdAk0AAAAJ,Unknown,Unknown,Unknown,Unknown,Unknown,1
Σωτήριος Νικολετσέας,Sotirios Nikoletseas,Μηχ. Η/Υ & Πληροφορικής,Πανεπιστήμιο Πατρών,upatras,Καθηγητής,19750,Sotiris Nikoletseas,hk2ylNwAAAAJ,Unknown,Unknown,Unknown,Unknown,Unknown,1
Δημήτριος Νικολόπουλος,Dimitrios Nikolopoulos,"School of Electronics, Electrical Engineering and Computer Science",Virginia Polytechnic Inst.and State Univ.,Virginia Polytechnic Inst.and State Univ.,Καθηγητής,9012,Dimitrios S. Nikolopoulos,PkCuYUQAAAAJ,Unknown,Unknown,Unknown,Unknown,Unknown,1
Χρήστος Νικολόπουλος,Christos Nikolopoulos,Μαθηματικών,Πανεπιστήμιο Αιγαίου,aegean,Αναπληρωτής Καθηγητής,6112,Christos V. Nikolopoulos,TJKJTewAAAAJ,Unknown,Unknown,Unknown,Unknown,Unknown,1
Σταύρος Νικολόπουλος,Stavros Nikolopoulos,Μηχ. Η/Υ & Πληροφορικής,Πανεπιστήμιο Ιωαννίνων,uoi,Καθηγητής,8631,Stavros D. Nikolopoulos,Uk8Tkt0AAAAJ,Unknown,Unknown,Unknown,Unknown,Unknown,1
 Δημήτριος Νικολός, Dimitrios Nikolos,Μηχ. Η/Υ & Πληροφορικής,Πανεπιστήμιο Πατρών,upatras,Καθηγητής,18928,Dimitris Nikolos,kndWOCIAAAAJ,Unknown,Unknown,Unknown,Unknown,Unknown,1
Χριστόφορος Νίκου,Christoforos Nikou,Μηχανικών Ηλεκτρονικών Υπολογιστών & Πληροφορικής,Πανεπιστημιο Ιωαννίνων,uoi, Καθηγητής,1690,Christophoros Nikou,LOHLQrMAAAAJ,Unknown,Unknown,Unknown,Unknown,Unknown,1
Αθανάσιος Νταραντούμης,Athanasios Ntarantoumis,Πολιτισμικής Τεχνολογίας και Επικοινωνίας,Πανεπιστήμιο Αιγαίου,aegean, Καθηγητής,18062,Thanasis Daradoumis,5oD0RKcAAAAJ,Unknown,Unknown,Unknown,Unknown,Unknown,1
Αναστάσιος Ντελόπουλος,Anastasios Ntelopoulos,Ηλεκτρολόγων Μηχ & Μηχ Υπολογιστών,ΑΠΘ,auth,Καθηγητής,18211,Anastasios Delopoulos,yBp_7EEAAAAJ,Unknown,Unknown,Unknown,Unknown,Unknown,1
Ειρήνη Ντούτση,Eirini Ntoutsi,Faculty of Electrical Engineering and Computer Science,"Leibniz University Hannover, Germany","Leibniz University Hannover, Germany",Αναπληρωτής καθηγητής,27772,Eirini Ntoutsi,RdA9uxYAAAAJ,Unknown,Unknown,Unknown,Unknown,Unknown,1
Θωμάς Ξένος,Thomas Xenos,Ηλεκτρολόγων Μηχ & Μηχ Υπολογιστών,ΑΠΘ,auth,Καθηγητής,9959,Thomas Xenos,NFCJxPMAAAAJ,Unknown,Unknown,Unknown,Unknown,Unknown,1
Κώστας Ξυδέας,Kostas Xydeas,Electrical Engineering,Lancaster University,Lancaster University,Professor,10238,C.Xydeas,ntIPBqMAAAAJ,Unknown,Unknown,Unknown,Unknown,Unknown,1
Στυλιανός Ξυνόγαλος,Stylianos Xynogalos,Εφαρμοσμένης Πληροφορικής,Πανεπιστήμιο Μακεδονίας,uom,Αναπληρωτής Καθηγητής,23170,Stelios Xinogalos,TquBXjAAAAAJ,Unknown,Unknown,Unknown,Unknown,Unknown,1
Αναστάσιος  Οικονομίδης,Anastasios  Oikonomidis,Οικονομικών Επιστημών,Πανεπιστήμιο Μακεδονίας,uom,Καθηγητής,19652,Anastasios A. Economides,1AAOD6YAAAAJ,Unknown,Unknown,Unknown,Unknown,Unknown,1
Γεώργιος Οικονόμου,Georgios Oikonomou,Φυσικής,Πανεπιστήμιο Πατρών,upatras,Καθηγητής,18334,George Economou,j9XzkygAAAAJ,Unknown,Unknown,Unknown,Unknown,Unknown,1
Πολυξένη Παγγέ - Λέκκα,Polyxeni Pange - Lekka,Παιδαγωγικό Νηπιαγωγών,Πανεπιστήμιο Ιωαννίνων,uoi,Καθηγητής,9339,Jenny Pagge    Pange,FMxD7AMAAAAJ,Unknown,Unknown,Unknown,Unknown,Unknown,1
Αριστείδης Παγουρτζής,Aristeidis Pagourtzis,Ηλεκτρολόγων Μηχανικών και Μηχανικών Υπολογιστών,ΕΜΠ,ntua,Καθηγητής,11423,Aris Pagourtzis,xh1BcAwAAAAJ,Unknown,Unknown,Unknown,Unknown,Unknown,1
Λεωνίδας Παληός,Leonidas Palios,Μηχ. Η/Υ & Πληροφορικής,Πανεπιστήμιο Ιωαννίνων,uoi,Καθηγητής,10841,Leonidas Palios,fk4I4B8AAAAJ,Unknown,Unknown,Unknown,Unknown,Unknown,1
Γεώργιος Παλιούρας,Georgios Paliouras,Ιντστιτούτο Πληροφορικής και Τηλεπικοινωνιών,"Εθνικό Κέντρο Ερευνας Φυσικών Επιστημών ""ΔΗΜΟΚΡΙΤΟΣ""",demokritos,Διευθυντής Ερευνών,17659,Georgios Paliouras,-pec7wIAAAAJ,Unknown,Unknown,Unknown,Unknown,Unknown,1
Γιώργος Πάλλης,Giorgos Pallis,Πληροφορικής,University of Cyprus,University of Cyprus,Αναπληρωτής Καθηγητής,21434,George Pallis,kNkLOHcAAAAJ,Unknown,Unknown,Unknown,Unknown,Unknown,1
Χρήστος Παναγιωτακόπουλος,Christos Panagiotakopoulos,Επιστημών της Εκπαίδευσης & Κοινωνικής Εργασίας,Πανεπιστήμιο Πατρών,upatras,Καθηγητής,5858,Christos T. Panagiotakopoulos,v11QHGsAAAAJ,Unknown,Unknown,Unknown,Unknown,Unknown,1
Θεμιστοκλής Παναγιωτόπουλος,Themistoklis Panagiotopoulos,Πληροφορικής,Πανεπιστήμιο Πειραιώς,unipi,Καθηγητής,2296,Unknown,Unknown,Unknown,Unknown,Themis Panayiotopoulos,Themis-Panayiotopoulos-35530973,scientific-contributions,3
Δημήτριος  Πάντος,Dimitrios  Pantos,Electrical Engineering,State University of New York at Buffalo,State University of New York at Buffalo,Professor,4330,Dimitris A Pados,tczyXJUAAAAJ,Unknown,Unknown,Unknown,Unknown,Unknown,1
Γεώργιος Παπαγιαννάκης,Georgios Papagiannakis,Επιστήμης Υπολογιστών,Πανεπιστήμιο Κρήτης,uoc,Αναπληρωτής Καθηγητής,1020,George Papagiannakis,rUfyI3MAAAAJ,Unknown,Unknown,Unknown,Unknown,Unknown,1
Γεωργιος Άγγελος Παπαδόπουλος,Georgios Angelos Papadopoulos,Computer Science,University of Cyprus,University of Cyprus,Καθηγητής,1261,George Α. Papadopoulos,UvQERXUAAAAJ,Unknown,Unknown,Unknown,Unknown,Unknown,1
Γιάννης Παπαδόπουλος,Giannis Papadopoulos,Computer Science,University of Hull,University of Hull,Καθηγητής,720,Yiannis Papadopoulos,GpwIX-QAAAAJ,Unknown,Unknown,Unknown,Unknown,Unknown,1
Γεώργιος Παπαϊωάννου,Georgios Papaioannou,Πληροφορικής,ΟΠΑ,aueb,Αναπληρωτής Καθηγητής,8098,Georgios Papaioannou,aZVSd0QAAAAJ,Unknown,Unknown,Unknown,Unknown,Unknown,1
Γιάννης Παπακωνσταντίνου,Giannis Papakonstantinou,Computer Science and Engineering ,"University of California, San Diego","University of California, San Diego",Καθηγητής,9165,Yannis Papakonstantinou,81cvn3sAAAAJ,Unknown,Unknown,Unknown,Unknown,Unknown,1
Νικόλαος Παπαμάρκος,Nikolaos Papamarkos,Ηλεκτρολόγων Μηχ & Μηχ Υπολογιστών,Δημοκρίτειο Πανεπιστήμιο Θράκης,duth,Καθηγητής,18596,Nikos Papamarkos,E8a90xYAAAAJ,Unknown,Unknown,Unknown,Unknown,Unknown,1
Ιωάννης Παπανάνος,Ioannis Papananos,Ηλεκτρολόγων Μηχ. & Μηχ. Υπολογιστών,ΕΜΠ,ntua,Καθηγητής,17725,Unknown,Unknown,Unknown,Unknown,Yannis Papananos,Yannis-Papananos-35681746,scientific-contributions,3
Ευάγγελος Παπαπέτρου,Evangelos Papapetrou,Μηχανικών Η/Υ & Πληροφορικής,Πανεπιστήμιο Ιωαννίνων,uoi,Επίκουρος Καθηγητής (Μόνιμος),5478,Evangelos Papapetrou,R6Ldg5UAAAAJ,Unknown,Unknown,Unknown,Unknown,Unknown,1
Ανδρέας Παπασαλούρος,Andreas Papasalouros,Μαθηματικών,Πανεπιστήμιο Αιγαίου,aegean,Επίκουρος Καθηγητής (Μόνιμος),10471,Andreas Papasalouros,Lv-cQa8AAAAJ,Unknown,Unknown,Unknown,Unknown,Unknown,1
Νικόλαος Παπασπύρου,Nikolaos Papaspyrou,Ηλεκτρολόγων Μηχ. & Μηχ. Υπολογιστών,ΕΜΠ,ntua,Καθηγητής,17609,Nikolaos Papaspyrou,sB4E4lcAAAAJ,Unknown,Unknown,Unknown,Unknown,Unknown,1
Αθανάσιος Παπίστας,Athanasios Papistas,Μαθηματικών,ΑΠΘ,auth,Καθηγητής,19312,Unknown,Unknown,Unknown,Unknown,Athanassios Papistas,Athanassios_Papistas,profile,3
Νικόλαος Παραγυιός,Nikolaos Paragyios,Applied Mathematics,Ecole Centrale de Paris,Ecole Centrale de Paris,Καθηγητής,5426,Nikos Paragios,7edhlaQAAAAJ,Unknown,Unknown,Unknown,Unknown,Unknown,1
Φωτεινή Παρασκευά,Foteini Paraskeva,Ψηφιακών Συστημάτων,Πανεπιστήμιο Πειραιώς,unipi,Καθηγητής,5159,Foteini Paraskeva (Fotini),IeaP7wIAAAAJ,Unknown,Unknown,Unknown,Unknown,Unknown,1
 Αντώνιος Πασχάλης, Antonios Paschalis,Πληροφοριοκής και Τηλεπικοινωνιών,ΕΚΠΑ,uoa,Καθηγητής,2249,Antonis Paschalis,q8LRbY4AAAAJ,Unknown,Unknown,Unknown,Unknown,Unknown,1
Βαγγέλης Πάσχος,Vangelis Paschos,Computer Science,University Paris-Dauphine,University Paris-Dauphine,Καθηγητής,7485,Vangelis Paschos,dCUE-DUAAAAJ,Unknown,Unknown,Unknown,Unknown,Unknown,1
Κωνσταντίνος Παττίχης,Konstantinos Pattichis, Computer Science,University of Cyprus,University of Cyprus,Καθηγητής,5314,Constantinos S. Pattichis,XPzbiZUAAAAJ,Unknown,Unknown,Unknown,Unknown,Unknown,1
Γεώργιος Παυλίδης,Georgios Pavlidis,Μηχ. Η/Υ & Πληροφορικής,Πανεπιστήμιο Πατρών,upatras,Καθηγητής,1164,Unknown,Unknown,Unknown,Unknown,George Pavlidis,George-Pavlidis-2159400883,scientific-contributions,3
Νίκος Παυλίδης,Nikos Pavlidis,Management Science,Lancaster University,Lancaster University,Αναπληρωτής καθηγητής,27390,Nicos Pavlidis,WyUGbdkAAAAJ,Unknown,Unknown,Unknown,Unknown,Unknown,1
Φωτεινή - Νιόβη Παυλίδου ,Foteini - Niovi Pavlidou ,Ηλεκτρολόγων Μηχ & Μηχ Υπολογιστών,ΑΠΘ,auth,Καθηγητής,10392,Unknown,Unknown,F. Pavlidou,3213730,Unknown,Unknown,Unknown,2
Γεώργιος Παύλου,Georgios Pavlou, Electronic and Electrical Engineering,University College London,University College London,Καθηγητής,11268,George Pavlou,OuIZM_0AAAAJ,Unknown,Unknown,Unknown,Unknown,Unknown,1
Κιαμάλ Πεκμεστζή,Kiamal Pekmestzi,Ηλεκτρονικών Μηχ και Μηχ Υπολογιστών,ΕΜΠ,ntua,Καθηγητής,2013,Kiamal Pekmestzi,MVkryn8AAAAJ,Unknown,Unknown,Unknown,Unknown,Unknown,1
 Νικόλαος Πελεκάνος, Nikolaos Pelekanos,Επιστήμηης και Τεχνολογίας Υλικών,Πανεπιστήμιο Κρήτης,uoc,Καθηγητής,7389,Nikos Pelekanos,Uj9w0jUAAAAJ,Unknown,Unknown,Unknown,Unknown,Unknown,1
Νικόλαος Πελέκης,Nikolaos Pelekis,Στατιστικής και Ασφαλιστικής Επιστήμης,Πανεπιστήμιο Πειραιώς,unipi,Αναπληρωτής Καθηγητής,23417,Nikos Pelekis,iphQ2EkAAAAJ,Unknown,Unknown,Unknown,Unknown,Unknown,1
Παύλος Πέππας,Pavlos Peppas,Ηλεκτρολόγων Μηχανικών & Τεχνολογίας Υπολογιστών,Πανεπιστήμιο Πατρών,upatras,Καθηγητής,19540,Pavlos Peppas,44G4locAAAAJ,Unknown,Unknown,Unknown,Unknown,Unknown,1
Σταύρος Περαντώνης,Stavros Perantonis,Ινστιτούτο Πληροφορικής και Τηλεπικοινωνιών,"Εθνικό Κέντρο Ερευνας Φυσικών Επιστημών ""ΔΗΜΟΚΡΙΤΟΣ""",demokritos,Διευθυντής Ερευνών,17487,Stavros Perantonis,y3fDadgAAAAJ,Unknown,Unknown,Unknown,Unknown,Unknown,1
Ευρυπίδης Πετράκης,Evrypidis Petrakis,Ηλεκτρονικών Μηχανικών & Μηχανικών Υπολογιστών,Πολυτεχνέιο Κρήτης,tuc,Καθηγητής,3599,Euripides G.M. Petrakis,avH0gk4AAAAJ,Unknown,Unknown,Unknown,Unknown,Unknown,1
Μιλτιάδης Πετρίδης,Miltiadis Petridis,School of Computing Engineering and Mathematics,Unibersity of Brighton,Unibersity of Brighton,Καθηγητής,4100,Miltos Petridis,OYxJzq0AAAAJ,Unknown,Unknown,Unknown,Unknown,Unknown,1
Ευαγγελία Πιτουρά,Evangelia Pitoura,Μηχανικών Ηλεκτρονικών Υπολογιστών και Πληροφορικής,Πανεπιστήμιο Ιωαννίνων,uoi,Καθηγητής,4652,Evaggelia Pitoura,3r_xVvkAAAAJ,Unknown,Unknown,Unknown,Unknown,Unknown,1
Ανδρέας Πιτσιλλίδης,Andreas Pitsillidis, Computer Science,University of Cyprus,University of Cyprus,Καθηγητής,11513,Andreas Pitsillides,-yeSOEwAAAAJ,Unknown,Unknown,Unknown,Unknown,Unknown,1
Δημήτριος Πλεξουσάκης,Dimitrios Plexousakis,Έπιστήμης Υπολογιστών,Πανεπιστήμιο Κρήτης,uoc,Καθηγητής,2191,Dimitris Plexousakis,oY_DnEoAAAAJ,Unknown,Unknown,Unknown,Unknown,Unknown,1
Διονύσιος Πνευματικάτος ,Dionysios Pnevmatikatos ,Ηλεκτρολόγων Μηχανικών και Μηχανικών Υπολογιστών,ΕΜΠ,ntua,Καθηγητής,18599,Dionisios Pnevmatikatos,TKtxe-UAAAAJ,Unknown,Unknown,Unknown,Unknown,Unknown,1
Χρήστος Πολίτης,Christos Politis,"Faculty of Science, Engineering and Computing",Kingston University London,Kingston University London,Καθηγητής,1786,Christos Politis,-U99zuEAAAAJ,Unknown,Unknown,Unknown,Unknown,Unknown,1
Γεώργιος  Πολύζος,Georgios  Polyzos,Πληροφορικής,ΟΠΑ,aueb,Καθηγητής,8037,George C. Polyzos,y-Mxxa0AAAAJ,Unknown,Unknown,Unknown,Unknown,Unknown,1
Νεοκλής Πολυζώτης,Neoklis Polyzotis,Επιστήμης Υπολογιστών,University of California Santa Cruz,University of California Santa Cruz,Καθηγητής,5718,Neoklis Polyzotis,vfIriy4AAAAJ,Unknown,Unknown,Unknown,Unknown,Unknown,1
Αλέξανδρος Ποταμιάνος,Alexandros Potamianos,Ηλεκτρολόγων Μηχανικών και Μηχανικών Υπολογιστών,ΕΜΠ,ntua,Αναπληρωτής Καθηγητής,3760,Alexandros Potamianos,pBQViyUAAAAJ,Unknown,Unknown,Unknown,Unknown,Unknown,1
Γεράσιμος Ποταμιάνος,Gerasimos Potamianos,Ηλεκτρολόγων Μηχανικών και Μηχανικών Υπολογιστών,Πανεπιστήμιο Θεσσαλίας,uth,Αναπληρωτής Καθηγητής,8779,Gerasimos Potamianos,DjcaM1MAAAAJ,Unknown,Unknown,Unknown,Unknown,Unknown,1
Δημήτριος Πουλάκης,Dimitrios Poulakis,Μαθηματικών,ΑΠΘ,auth,Καθηγητής,19745,Unknown,Unknown,Dimitrios Poulakis,3353228,Unknown,Unknown,Unknown,2
Ιωάννης Πρατικάκης,Ioannis Pratikakis,Ηλεκτρολόγων Μηχανικών και Μηχανικών Υπολογιστών,ΔΠΘ,duth,Καθηγητής,17933,Ioannis Pratikakis,lCVokogAAAAJ,Unknown,Unknown,Unknown,Unknown,Unknown,1
Ανδριάνα Πρέντζα,Andriana Prentza,Ψηφιακών Συστημάτων,Πανεπιστήμιο Πειραιώς,unipi,Καθηγητής,6222,Unknown,Unknown,Unknown,Unknown,Andriana Prentza,Andriana-Prentza-2119906780,scientific-contributions,3
Κωνσταντίνος Ραυτόπουλος,Konstantinos Raftopoulos,,Conservatoire National des Arts et Métiers (CNAM),Conservatoire National des Arts et Métiers (CNAM),Κύριος Ερευνητής,2262,Unknown,Unknown,Konstantinos A. Raftopoulos,104421781,Unknown,Unknown,Unknown,2
Γεώργιος Ραχώνης,Georgios Rachonis,Μαθηματικών,ΑΠΘ,auth,Καθηγητής,19520,Unknown,Unknown,Unknown,Unknown,George Rahonis,George-Rahonis,profile,3
Ιωάννης Ρέκανος,Ioannis Rekanos,Ηλεκτρολόγων Μηχανικών & Μηχανικών Υπολογιστών,ΑΠΘ,auth,Καθηγητής,19355,Ioannis T. Rekanos,tLc8zDcAAAAJ,Unknown,Unknown,Unknown,Unknown,Unknown,1
Συμεών Ρετάλης,Symeon Retalis,Ψηφιακών Συστημάτων,Πανεπιστήμιο Πειραιώς,unipi, Καθηγητής,5704,Symeon Retalis,JUX2KJcAAAAJ,Unknown,Unknown,Unknown,Unknown,Unknown,1
Γεώργιος Ροβιθάκης,Georgios Rovithakis,Ηλεκτρολόγων Μηχ και Μηχ Υπολογιστών,ΑΠΘ,auth,Καθηγητής,11104,George A. Rovithakis,fvaSCo0AAAAJ,Unknown,Unknown,Unknown,Unknown,Unknown,1
Βασίλειος Ρόθος,Vasileios Rothos,Μηχανολόγων Μηχανικών,ΑΠΘ,auth,Καθηγητής,6060,Vassilis Rothos,kQ_xRCIAAAAJ,Unknown,Unknown,Unknown,Unknown,Unknown,1
Παναγιώτης Ροντογιάννης,Panagiotis Rontogiannis,Πληροφορικής και Τηλεπικοινωνιών,ΕΚΠΑ,uoa,Καθηγητής,6836,Panos Rondogiannis,a6x5amYAAAAJ,Unknown,Unknown,Unknown,Unknown,Unknown,1
Εμμανουήλ Ρουμελιώτης,Emmanouil Roumeliotis,Εφαρμοσμένης Πληροφορικής,Πανεπιστήμιο Μακεδονίας,uom,Καθηγητής,9385,Unknown,Unknown,Unknown,Unknown,Emmanouel Roumeliotes,Emmanouel-Roumeliotes-17699705,scientific-contributions,3
Αγγελος Ρουσκας,Angelos Rouskas,Ψηφιακών Συστημάτων,Πανεπιστήμιο Πειραιώς,unipi,Καθηγητής,2069,Angelos Rouskas,nmpzcwUAAAAJ,Unknown,Unknown,Unknown,Unknown,Unknown,1
Γεώργιος Ρούσκας,Georgios Rouskas,Computer Science,North Carolina State University ,North Carolina State University ,Καθηγητής,516,George N. Rouskas,tmuBOhwAAAAJ,Unknown,Unknown,Unknown,Unknown,Unknown,1
Αντώνιος Σαββίδης,Antonios Savvidis,Επιστήμης Υπολογιστών,Πανεπιστήμιο Κρήτης,uoc,Καθηγητής,10816,Anthony Savidis,m0b5D28AAAAJ,Unknown,Unknown,Unknown,Unknown,Unknown,1
Δημήτριος Σάμψων,Dimitrios Sampson,Ψηφιακών Συστημάτων,Πανεπιστήμιο Πειραιώς,unipi,Καθηγητής,1155,Demetrios Sampson,v_IaAIcAAAAJ,Unknown,Unknown,Unknown,Unknown,Unknown,1
Μαρία - Αικατερίνη Σατρατζέμη,Maria - Aikaterini Satratzemi,Εφαρμοσμένης Πληροφορικής,Πανεπιστήμιο Μακεδονίας,uom,Καθηγητής,5697,Maya Satratzemi,meKnrOkAAAAJ,Unknown,Unknown,Unknown,Unknown,Unknown,1
Κυριάκος Σγάρμπας,Kyriakos Sgarmpas,Ηλεκτρολόγων Μηχανικών και Τεχνολογίας Υπολογιστών,Πανεπιστήμιο Πατρών,upatras,Αναπληρωτής Καθηγητής,18767,Kyriakos Sgarbas (Κυριάκος Σγάρμπας),TTgOnWAAAAAJ,Unknown,Unknown,Unknown,Unknown,Unknown,1
Βασίλειος Σεβρόγλου,Vasileios Sevroglou,Στατιστικής και Ασφαλιστικής Επιστήμης,Πανεπιστήμιο Πειραιώς,unipi,Αναπληρωτής Καθηγητής,17261,Vassilios Sevroglou,K7yLAhEAAAAJ,Unknown,Unknown,Unknown,Unknown,Unknown,1
Τιμολέων Σελλής,Timoleon Sellis,Swinburne University of Technology,Swinburne University of Technology,Swinburne University of Technology,Καθηγητής,4653,Timos Sellis,G1Iux80AAAAJ,Unknown,Unknown,Unknown,Unknown,Unknown,1
Γεώργιος Σεργιάδης,Georgios Sergiadis,Ηλεκτρολόγων Μηχ & Μηχ Υπολογιστών,ΑΠΘ,auth,Καθηγητής,19216,George Sergiadis,TmGjsAoAAAAJ,Unknown,Unknown,Unknown,Unknown,Unknown,1
Δημήτριος Σερπάνος ,Dimitrios Serpanos ,Ηλεκτρολόγων Μηχ και Τεχνολογίας Υπολογιστών,Πανεπιστήμιο Πατρών,upatras,Καθηγητής,18500,Dimitrios Serpanos,vblYhbcAAAAJ,Unknown,Unknown,Unknown,Unknown,Unknown,1
Νικόλαος Σιδηρόπουλος,Nikolaos Sidiropoulos, Electrical and Computer Engineering,University of Virginia,University of Virginia,Professor,4255,Nikolaos Sidiropoulos,ZOkfkFMAAAAJ,Unknown,Unknown,Unknown,Unknown,Unknown,1
Σπυρίδων Σιούτας,Spyridon Sioutas,Μηχανικών Ηλεκτρονικών Υπολογιστών και Πληροφορικής,Πανεπιστήμιο Πατρών,upatras,Καθηγητής,6743,Spyros Sioutas,F9-WPBoAAAAJ,Unknown,Unknown,Unknown,Unknown,Unknown,1
Στυλιανός Σίσκος ,Stylianos Siskos ,Φυσικής,ΑΠΘ,auth,Καθηγητής,17844,Stelios Siskos,r26FLSsAAAAJ,Unknown,Unknown,Unknown,Unknown,Unknown,1
Σωτήρης Σκεβούλης,Sotiris Skevoulis,School of Computer Science and Information Systems,Pace University,Pace University,Kαθηγητής,1723,Sotirios Skevoulis,xDLX2i0AAAAJ,Unknown,Unknown,Unknown,Unknown,Unknown,1
Χαράλαμπος Σκιάνης,Charalampos Skianis,Μηχανικων  Πληροφοριακων Και Επικοινωνιακων Συστηματων,Πανεπιστήμιο Αιγαίου,aegean, Καθηγητής,18470,Charalabos Skianis,DEdnDtgAAAAJ,Unknown,Unknown,Unknown,Unknown,Unknown,1
Αθανάσιος Σκόδρας,Athanasios Skodras,Ηλεκτρολόγων Μηχ. & Τεχνολογίας Υπολογιστών,Πανεπιστήμιο Πατρών,upatras,Καθηγητής,2250,Athanassios Skodras,dFBXodcAAAAJ,Unknown,Unknown,Unknown,Unknown,Unknown,1
Ιωάννης Σμαραγδάκης,Ioannis Smaragdakis,Πληροφορικής και Τηλεπικοινωνιών,ΕΚΠΑ,uoa,Καθηγητής,3347,Yannis Smaragdakis,XCJuXcgAAAAJ,Unknown,Unknown,Unknown,Unknown,Unknown,1
Μάκης (Γεράσιμος) Σολωμός,Makis (Gerasimos) Solomos,Département de Musique,"Université Paris 8, EMDCM, France","Université Paris 8, EMDCM, France",Καθηγητής,6076,Unknown,Unknown,Unknown,Unknown,Unknown,Unknown,Unknown,0
Δημήτριος Σούντρης,Dimitrios Sountris,Ηλεκτρολόγων Μηχανικών & Μηχανικών Υπολογιστών,ΕΜΠ,ntua,Καθηγητής,18456,Dimitrios Soudris,lWuTmpEAAAAJ,Unknown,Unknown,Unknown,Unknown,Unknown,1
Γεώργιος Σπανουδάκης,Georgios Spanoudakis,Computer Science,City University London,City University London,Καθηγητής,10542,George Spanoudakis,XQSvrAwAAAAJ,Unknown,Unknown,Unknown,Unknown,Unknown,1
Μαρία Σπηλιοπούλου,Maria Spiliopoulou,Technical and Business Information Systems,Otto-von-Guericke University Magdeburg,Otto-von-Guericke University Magdeburg,Καθηγητής,11496,Myra Spiliopoulou,3r6LmdAAAAAJ,Unknown,Unknown,Unknown,Unknown,Unknown,1
Διομήδης Σπινέλλης,Diomidis Spinellis,Διοικητικής Επιστήμης και Τεχνολογίας,ΟΠΑ,aueb,Καθηγητής,17574,Diomidis Spinellis,RjXNgA8AAAAJ,Unknown,Unknown,Unknown,Unknown,Unknown,1
Κωνσταντίνος Στάθης,Konstantinos Stathis, Computer Science,"Royal Holloway, University of London","Royal Holloway, University of London",Καθηγητής,9780,Kostas Stathis,6Kwf-xkAAAAJ,Unknown,Unknown,Unknown,Unknown,Unknown,1
Ευστάθιος  Σταματάτος ,Efstathios  Stamatatos ,Μηχανικών Πληροφοριακών και Επικοινωνιακών Συστημάτων,Πανεπιστήμιο Αιγαίου,aegean,Καθηγητής,6081,Efstathios Stamatatos,xie8sAEAAAAJ,Unknown,Unknown,Unknown,Unknown,Unknown,1
Ιωάννης Σταματίου,Ioannis Stamatiou,Διοίκησης Επιχειρήσεων,Πανεπιστήμιο Πατρών,upatras,Καθηγητής,3834,Yannis Stamatiou,Uz9SJtgAAAAJ,Unknown,Unknown,Unknown,Unknown,Unknown,1
Παναγιώτης Σταματόπουλος,Panagiotis Stamatopoulos,Πληροφορικής και Τηλεπικοινωνιών,ΕΚΠΑ,uoa,Επίκουρος Καθηγητής (Μόνιμος),10419,Panagiotis Stamatopoulos,SZ4kZr0AAAAJ,Unknown,Unknown,Unknown,Unknown,Unknown,1
Γεώργιος Στάμου,Georgios Stamou,Ηλεκτρολόγων Μηχ & Μηχ Υπολογιστών,ΕΜΠ,ntua,Αναπληρωτής Καθηγητής,16773,Giorgos Stamou,R3y5dxMAAAAJ,Unknown,Unknown,Unknown,Unknown,Unknown,1
Γεώργιος Σταμούλης,Georgios Stamoulis,Τμήμα Ηλεκτρολόγων Μηχανικών και Μηχανικών Υπολογιστών,Πανεπιστήμιο Θεσσαλίας,uth,Καθηγητής,3733,George Stamoulis,5uRFCLsAAAAJ,Unknown,Unknown,Unknown,Unknown,Unknown,1
Αλεξανδρος  Σταυδάς,Alexandros  Stavdas,Πληροφορικής και Τηλεπικοινωνιών,Πανεπιστήμιο Πελοποννήσου,uop,Καθηγητής,8110,Unknown,Unknown,Unknown,Unknown,Alexandros Stavdas,Alexandros-Stavdas-2,profile,3
Ιωάννης  Σταυρακάκης,Ioannis  Stavrakakis,Πληροφορικής & Τηλεπικοινωνιών,ΕΚΠΑ,uoa,Καθηγητής,10847,Ioannis Stavrakakis,Dh6B_hQAAAAJ,Unknown,Unknown,Unknown,Unknown,Unknown,1
Ανδρέας-Γεώργιος Σταφυλοπάτης,Andreas-Georgios Stafylopatis,Ηλεκτρολόγων Μηχ & Μηχ Υπολογιστών,ΕΜΠ,ntua,Καθηγητής,18625,Unknown,Unknown,A. Stafylopatis,1684529,Unknown,Unknown,Unknown,2
Κωνσταντίνος Στεργίου,Konstantinos Stergiou,Μηχανικών Πληροφορικής και Τηλεπικοινωνιών,Πανεπιστήμιο Δυτικής Μακεδονίας,uowm,Καθηγητής,19516,Kostas Stergiou,Om3gYEYAAAAJ,Unknown,Unknown,Unknown,Unknown,Unknown,1
Λάμπρος Στεργιούλας,Lampros Stergioulas, Business Transformation,University of Surrey,University of Surrey,Καθηγητής,163,Lampros Stergioulas,ZGNS6y0AAAAJ,Unknown,Unknown,Unknown,Unknown,Unknown,1
Κωνσταντίνος Στεφανίδης,Konstantinos Stefanidis,Επιστήμης Υπολογιστών,Πανεπιστήμιο Κρήτης,uoc,Καθηγητής,18530,Constantine Stephanidis,EBXa1RQAAAAJ,Unknown,Unknown,Unknown,Unknown,Unknown,1
Ιωάννης Στρατής,Ioannis Stratis,Μαθηματικών,ΕΚΠΑ,uoa,Καθηγητής,18095,IOANNIS G. STRATIS,hlS6MNcAAAAJ,Unknown,Unknown,Unknown,Unknown,Unknown,1
Ελένη Στρούλια,Eleni Stroulia, Computer Science,University of Alberta,University of Alberta,Καθηγητής,2219,Eleni Stroulia,TyM1dLwAAAAJ,Unknown,Unknown,Unknown,Unknown,Unknown,1
Ιωάννης Στυλιανού,Ioannis Stylianou,Επιστήμης Υπολογιστών,Πανεπιστήμιο Κρήτης,uoc,Καθηγητής,9558,Yannis Stylianou,6ZSjpdwAAAAJ,Unknown,Unknown,Unknown,Unknown,Unknown,1
Δημήτριος  Συβρίδης,Dimitrios  Syvridis,Πληροφορικής & Τηλεπικοινωνιών,ΕΚΠΑ,uoa,Καθηγητής,9533,Dimitris Syvridis,eTLulVMAAAAJ,Unknown,Unknown,Unknown,Unknown,Unknown,1
Ευστάθιος  Συκάς,Efstathios  Sykas,Ηλεκτρολόγων Μηχ & Μηχ Υπολογιστών,ΕΜΠ,ntua,Καθηγητής,19447,Unknown,Unknown,Unknown,Unknown,Efstathios D. Sykas,Efstathios-Sykas,profile,3
Αντώνιος Συμβώνης,Antonios Symvonis,Εφαρμοσμένων Μαθηματικών και Φυσικών Επιστημών,ΕΜΠ,ntua,Καθηγητής,19932,Antonios Symvonis,EHH_0W8AAAAJ,Unknown,Unknown,Unknown,Unknown,Unknown,1
Ανδρέας Συμεωνίδης,Andreas Symeonidis,Ηλεκτρολόγων Μηχ & Μηχ Υπολογιστών,ΑΠΘ,auth,Αναπληρωτής Καθηγητής,19319,Andreas L. Symeonidis,339uVZQAAAAJ,Unknown,Unknown,Unknown,Unknown,Unknown,1
Γεώργιος Συρακούλης,Georgios Syrakoulis,Ηλεκτρολόγων Μηχ & Μηχ Η/Υ,ΔΠΘ,duth,Καθηγητής,1354,Georgios Ch. Sirakoulis,WhBartYAAAAJ,Unknown,Unknown,Unknown,Unknown,Unknown,1
Βασίλειος Σύρης,Vasileios Syris,Πληροφορικής,ΟΠΑ,aueb,Καθηγητής,19845,Vasilios A. Siris,Vj3O0cEAAAAJ,Unknown,Unknown,Unknown,Unknown,Unknown,1
Μιχαήλ Σφακιανάκης,Michail Sfakianakis,Οργάνωσης και Διοίκησης Επιχειρήσεων,Πανεπιστήμιο Πειραιως,unipi,Καθηγητής,8003,Unknown,Unknown,Unknown,Unknown,Michael Sfakianakis,Michael-Sfakianakis,profile,3
Χρίστος Σχίζας,Christos Schizas,Computer Science,University of Cyprus,University of Cyprus,Καθηγητής,2728,Christos N. Schizas,RrUhoesAAAAJ,Unknown,Unknown,Unknown,Unknown,Unknown,1
Παύλος - Πέτρος Σωτηριάδης,Pavlos - Petros Sotiriadis,Ηλεκτρολόγων Μηχ & Μηχ Υπολογιστών,ΕΜΠ,ntua,Καθηγητής,4578,Paul Sotiriadis,UtDXmH8AAAAJ,Unknown,Unknown,Unknown,Unknown,Unknown,1
Κωνσταντίνος Ταραμπάνης,Konstantinos Tarampanis,Οργάνωσης και Διοίκησης Επιχειρήσεων,Πανεπιστήμιο Μακεδονίας,uom,Καθηγητής,19611,Konstantinos Tarabanis,4Er0PfgAAAAJ,Unknown,Unknown,Unknown,Unknown,Unknown,1
Μιχαήλ Ταρουδάκης,Michail Taroudakis,Μαθηματικών και Εφαρμοσμένων Μαθηματικών,Πανεπιστήμιο Κρήτης,uoc,Καθηγητής,9652,Michael Taroudakis,dvcyLcQAAAAJ,Unknown,Unknown,Unknown,Unknown,Unknown,1
Γεώργιος Τζανετάκης,Georgios Tzanetakis, Computer Science,"University of Victoria, Canada","University of Victoria, Canada",Καθηγητής,384,George Tzanetakis,yPgxxpwAAAAJ,Unknown,Unknown,Unknown,Unknown,Unknown,1
Ελπίδα Τζαφέστα,Elpida Tzafesta,Ιστορίας και Φιλοσοφίας της Επιστήμης,ΕΚΠΑ,uoa,Αναπληρωτής Καθηγητής,6163,Unknown,Unknown,E. Tzafestas,3010458,Unknown,Unknown,Unknown,2
Αθανάσιος Τζιμογιάννης,Athanasios Tzimogiannis,Κοινωνικής & Εκπαιδευτικής Πολιτικής,Πανεπιστήμιο Πελοποννήσου,uop,Καθηγητής,5404,Athanassios Jimoyiannis,-rBR13oAAAAJ,Unknown,Unknown,Unknown,Unknown,Unknown,1
Γεώργιος Τζιρίτας,Georgios Tziritas,Επιστήμης Υπολογιστών,Πανεπιστήμιο Κρήτης,uoc,Καθηγητής,4745,Georgios Tziritas,mIh2JWAAAAAJ,Unknown,Unknown,Unknown,Unknown,Unknown,1
 Δημήτριος Τζοβάρας , Dimitrios Tzovaras ,Ινστιτούτο Τεχνολογιών Πληροφορικής και Επικοινωνιών,ΕΚΕΤΑ,certh,Διευθυντής Ερευνών,18358,Dimitrios Tzovaras,bZZYuE0AAAAJ,Unknown,Unknown,Unknown,Unknown,Unknown,1
Θεόδωρος Τζουραμάνης,Theodoros Tzouramanis,Πληροφορική με Εφαρμογές στη Βιοϊατρική,Πανεπιστήμιο Θεσσαλίας,uth,Επίκουρος Καθηγητής (Μόνιμος),1166,Theodoros Tzouramanis,Csb5gNYAAAAJ,Unknown,Unknown,Unknown,Unknown,Unknown,1
Στυλιανός  Τζωρτζάκης,Stylianos  Tzortzakis,Επιστήμης και Τεχνολογίας Υλικών,Πανεπιστήμιο Κρήτης,uoc,Καθηγητής,9644,Stelios Tzortzakis,nMJ0DjAAAAAJ,Unknown,Unknown,Unknown,Unknown,Unknown,1
Ιωάννης Τιγκελης ,Ioannis Tigkelis ,Φυσικής,ΕΚΠΑ,uoa,Καθηγητής,18131,Ioannis Tigelis,9CBNSZsAAAAJ,Unknown,Unknown,Unknown,Unknown,Unknown,1
Ιωάννης Τόλλης,Ioannis Tollis,Επιστήμης Υπολογιστών,Πανεπιστήμιο Κρήτης,uoc,Καθηγητής,18418,Ioannis G. Tollis,KmWfVqoAAAAJ,Unknown,Unknown,Unknown,Unknown,Unknown,1
Γεώργιος Τόμπρας ,Georgios Tompras ,Φυσικής,ΕΚΠΑ,uoa,Καθηγητής,11382,George Tombras,X0y8TooAAAAJ,Unknown,Unknown,Unknown,Unknown,Unknown,1
Γιώργος Τουρλάκης,Giorgos Tourlakis,Department of Electrical Engineering and Computer Science,York University,York University,Καθηγητής,7037,george tourlakis,ubosF3IAAAAJ,Unknown,Unknown,Unknown,Unknown,Unknown,1
 Παναγιώτης Τραχανιάς , Panagiotis Trachanias ,Επιστήμης Υπολογιστών,Πανεπιστήμιο Κρήτης,uoc,Καθηγητής,9346,Panos Trahanias,MwSYJxsAAAAJ,Unknown,Unknown,Unknown,Unknown,Unknown,1
Παναγιώτης Τσακαλίδης,Panagiotis Tsakalidis,Επιστήμης Υπολογιστών,Πανεπιστήμιο Κρήτης,uoc,Καθηγητής,4141,Panagiotis Tsakalides,hSdkUuwAAAAJ,Unknown,Unknown,Unknown,Unknown,Unknown,1
Φίλιππος Τσαλίδης,Filippos Tsalidis,Ηλεκτρολόγων Μηχ. & Μηχ. Υπολογιστών ,ΔΠΘ,duth,Καθηγητής,10999,Philippos Tsalides,xRpwVsoAAAAJ,Unknown,Unknown,Unknown,Unknown,Unknown,1
Ιωάννης Τσαμαρδίνος,Ioannis Tsamardinos,Επιστήμης Υπολογιστών,Πανεπιστήμιο Κρήτης,uoc,Καθηγητής,5078,Ioannis Tsamardinos,7fendUwAAAAJ,Unknown,Unknown,Unknown,Unknown,Unknown,1
Παναγιώτης Τσανάκας,Panagiotis Tsanakas,Ηλεκτρολόγων Μηχ.& Μηχ. Υπολογιστών  ,ΕΜΠ,ntua,Καθηγητής,19188,Panayiotis Tsanakas,UdV8-qIAAAAJ,Unknown,Unknown,Unknown,Unknown,Unknown,1
Βασίλειος Τσαουσίδης,Vasileios Tsaousidis,Ηλεκτρολόγων Μηχ.& Μηχ Η/Υ,ΔΠΘ,duth,Καθηγητής,5340,vassilis tsaoussidis,m3AXAvcAAAAJ,Unknown,Unknown,Unknown,Unknown,Unknown,1
Παναγιώτης Τσαπάρας,Panagiotis Tsaparas,Μηχανικών Ηλεκτρονικών Υπολογιστών και Πληροφορικής,Πανεπιστήμιο Ιωαννίνων,uoi,Αναπληρωτής Καθηγητής,6621,Panayiotis Tsaparas,Rmds8IcAAAAJ,Unknown,Unknown,Unknown,Unknown,Unknown,1
Νικόλας Τσαπατσούλης,Nikolas Tsapatsoulis, Communication and Internet Studies,Τεχνολογικό Πανεπιστήμιο Κύπρου,cut, Καθηγητής,9900,Nicolas Tsapatsoulis,HGKpT4MAAAAJ,Unknown,Unknown,Unknown,Unknown,Unknown,1
Γεώργιος Τσιατούχας,Georgios Tsiatouchas,Μηχανικών Ηλεκτρονικών Υπολογιστών και Πληροφορικής,Πανεπιστήμιο Ιωαννίνων,uoi,Καθηγητής,4752,Yiorgos Tsiatouhas,gHsE8pYAAAAJ,Unknown,Unknown,Unknown,Unknown,Unknown,1
Κωνσταντίνος Τσίχλας,Konstantinos Tsichlas,Μηχανικών Ηλεκτρονικών Υπολογιστών και Πληροφορικής,Πανεπιστήμιο Πατρών,upatras,Επίκουρος Καθηγητής (Μόνιμος),22141,Kostas Tsichlas,-KUXfxsAAAAJ,Unknown,Unknown,Unknown,Unknown,Unknown,1
Γεώργιος Τσιχριντζής,Georgios Tsichrintzis,Πληροφορικής,Πανεπιστήμιο Πειραιώς,unipi,Καθηγητής,11000,George A Tsihrintzis,QUC1ebEAAAAJ,Unknown,Unknown,Unknown,Unknown,Unknown,1
 Δημήτριος  Τσουκαλάς, Dimitrios  Tsoukalas,Εφαρμοσμένων Μαθηματικών & Φυσικών Επιστημών,ΕΜΠ,ntua,Καθηγητής,19738,Dimitris Tsoukalas,4hv-l94AAAAJ,Unknown,Unknown,Unknown,Unknown,Unknown,1
Δημήτριος Τσουμάκος,Dimitrios Tsoumakos,ΗΛΕΚΤΡΟΛΟΓΩΝ ΜΗΧΑΝΙΚΩΝ ΚΑΙ ΜΗΧΑΝΙΚΩΝ ΥΠΟΛΟΓΙΣΤΩΝ,ΕΜΠ,ntua,Αναπληρωτής Καθηγητής,6960,Dimitrios Tsoumakos,IS2FI1oAAAAJ,Unknown,Unknown,Unknown,Unknown,Unknown,1
Αθανάσιος Τυροπάνης,Athanasios Tyropanis,School of Electronics and Computer Science,University of Southampton,University of Southampton,Αναπληρωτής Καθηγητής,54,Thanassis Tiropanis,T0MK3pUAAAAJ,Unknown,Unknown,Unknown,Unknown,Unknown,1
Παναγιώτα Φατούρου,Panagiota Fatourou,Επιστήμης Υπολογιστών,Πανεπιστήμιο Κρήτης,uoc,Καθηγήτρια,9534,Panagiota Fatourou,ZgHRkcUAAAAJ,Unknown,Unknown,Unknown,Unknown,Unknown,1
Γεώργιος Φικιώρης,Georgios Fikioris,Ηλεκτρολόγων Μηχανικών & Μηχανικών Υπολογιστών,ΕΜΠ,ntua,Καθηγητής,17895,George Fikioris,q2lX-zgAAAAJ,Unknown,Unknown,Unknown,Unknown,Unknown,1
Άννα Φιλίππου,Anna Filippou,Πληροφορικής,University of Cyprus,University of Cyprus,Αναπληρωτής Καθηγητής,6899,Anna Philippou,Yk7t7mEAAAAJ,Unknown,Unknown,Unknown,Unknown,Unknown,1
Ανδρέας Φλώρος ,Andreas Floros ,Τεχνών Ήχου και Εικόνας,Ιόνιο Πανεπιστήμιο,ionio,Καθηγητής,18999,Andreas Floros,mb7ezlMAAAAJ,Unknown,Unknown,Unknown,Unknown,Unknown,1
 Ιωάννης Φούντος , Ioannis Fountos ,Μηχανικών Ηλεκτρονικών Υπολογιστών & Πληροφορικής,Πανεπιστημιο Ιωαννίνων,uoi,Καθηγητής,265,Ioannis Fudos,sx3Y4NsAAAAJ,Unknown,Unknown,Unknown,Unknown,Unknown,1
Ευγενία Φουστούκου,Evgenia Foustoukou,Πληροφορικής,ΟΠΑ,aueb,Επίκουρος Καθηγητής (Μόνιμος),3689,Eugenie Foustoucos,5mes4FYAAAAJ,Unknown,Unknown,Unknown,Unknown,Unknown,1
Δημήτριος Φραντζεσκάκης ,Dimitrios Frantzeskakis ,Φυσικής,ΕΚΠΑ,uoa,Καθηγητής,18518,Dimitri Frantzeskakis,Iu51sgYAAAAJ,Unknown,Unknown,Unknown,Unknown,Unknown,1
Δημήτριος Φωτάκης,Dimitrios Fotakis,Ηλεκτρολόγων Μηχανικών & Μηχανικών Υπολογιστών,ΕΜΠ,ntua,Αναπληρωτής Καθηγητής,15257,Dimitris Fotakis,zFDLf0UAAAAJ,Unknown,Unknown,Unknown,Unknown,Unknown,1
Γεώργιος Χαλκιαδάκης,Georgios Chalkiadakis,Ηλεκτρολόγων Μηχανικών & Μηχανικών Υπολογιστών,Πολυτεχνείο Κρήτης,tuc,Αναπληρωτής Καθηγητής,19169,Georgios Chalkiadakis,KdYD5-cAAAAJ,Unknown,Unknown,Unknown,Unknown,Unknown,1
Μαρία Χαλκίδη,Maria Chalkidi,Ψηφιακών Συστημάτων,Πανεπιστήμιο Πειραιώς,unipi,Αναπληρωτής Καθηγητής,2891,M Halkidi,FknZ1Q8AAAAJ,Unknown,Unknown,Unknown,Unknown,Unknown,1
Αντώνης Χαραλαμπόπουλος,Antonis Charalampopoulos,Εφαρμοσμένων Μαθηματικών & Φυσικών Επιστημών,ΕΜΠ,ntua,Καθηγητής,3667,Antonios Charalambopoulos,VOpTcaMAAAAJ,Unknown,Unknown,Unknown,Unknown,Unknown,1
Αλέξανδρος Χατζηγεωργίου,Alexandros Chatzigeorgiou,Εφαρμοσμένης Πληροφορικής,Πανεπιστήμιο Μακεδονίας,uom,Καθηγητής,7433,Alexander Chatzigeorgiou,D4ixXl8AAAAJ,Unknown,Unknown,Unknown,Unknown,Unknown,1
Άρτεμις - Γεωργία Χατζηγεωργίου,Artemis - Georgia Chatzigeorgiou,Πληροφορικής με Εφαρμογές στη Βιοϊατρική ,Πανεπιστήμιο Θεσσαλίας,uth,Καθηγητής,19058,Artemis Hatzigeorgiou,iGhiEpEAAAAJ,Unknown,Unknown,Unknown,Unknown,Unknown,1
Ευριπίδης Χατζηκρανιώτης,Evripidis Chatzikraniotis,Φυσικής,ΑΠΘ,auth,Καθηγητής,9997,E Hatzikraniotis,K5h2ihoAAAAJ,Unknown,Unknown,Unknown,Unknown,Unknown,1
Θανάσης Χατζηλάκος,Thanasis Chatzilakos,Πληροφοριακά Συστήματα,Ανοικτό Πανεπιστήμιο Κύπρου,ouc,Καθηγητής,1632,Thanasis Hadzilacos,01kuev4AAAAJ,Unknown,Unknown,Unknown,Unknown,Unknown,1
Βάσος Χατζηλάκος,Vasos Chatzilakos,Επιστήμης Υπολογιστών,University of Toronto,University of Toronto,Καθηγητής,9285,Unknown,Unknown,Unknown,Unknown,Vassos Hadzilacos,Vassos-Hadzilacos-3217201,scientific-contributions,3
Λεόντιος Χατζηλεοντιάδης,Leontios Chatzileontiadis,Ηλεκτρολόγων Μηχ & Μηχ Υπολογιστών,ΑΠΘ,auth,Καθηγητής,17409,Leontios J. Hadjileontiadis,OfAkcXkAAAAJ,Unknown,Unknown,Unknown,Unknown,Unknown,1
Ιωάννης Χατζηλυγερούδης,Ioannis Chatzilygeroudis,Μηχανικών Ηλεκτρονικών Υπολογιστών και Πληροφορικής,Πανεπιστήμιο Πατρών,upatras,Καθηγητής,10476,Ioannis Hatzilygeroudis,RPWrgsgAAAAJ,Unknown,Unknown,Unknown,Unknown,Unknown,1
Αλκιβιάδης Χατζόπουλος ,Alkiviadis Chatzopoulos ,ΗΜΜΥ,ΑΠΘ,auth,Καθηγητής,18940,Unknown,Unknown,Unknown,Unknown,Alkis A. Hatzopoulos,Alkis-Hatzopoulos,profile,3
Ευθύμιος Χούσος,Efthymios Chousos,Ηλεκτρολόγων Μηχανικών και Τεχνολογίας Υπολογιστών,Πανεπιστήμιο Πατρών,upatras,Καθηγητής,2753,Efthymios Housos,nmB_QBoAAAAJ,Unknown,Unknown,Unknown,Unknown,Unknown,1
Βασίλης Χριστοφίδης,Vasilis Christofidis,Επιστήμης Υπολογιστών,Πανεπιστήμιο Κρήτης,uoc,Καθηγητής,6780,Vassilis Christophides,MdUjsa8AAAAJ,Unknown,Unknown,Unknown,Unknown,Unknown,1
Κωνσταντίνος Χρυσαφίνος,Konstantinos Chrysafinos,Εφαρμοσμένων Μαθηματικών και Φυσικών Επιστημών,ΕΜΠ,ntua,Αναπληρωτής Καθηγητής,23527,Unknown,Unknown,Unknown,Unknown,Konstantinos Chrysafinos,Konstantinos-Chrysafinos-2148196013,scientific-contributions,3
Βασίλειος Χρυσικόπουλος,Vasileios Chrysikopoulos,Πληροφορικής,Ιόνιο Πανεπιστήμιο,ionio,Καθηγητής,4753,Unknown,Unknown,Unknown,Unknown,Vassileios Chrissikopoulos,Vassileios-Chrissikopoulos,profile,3
Θεόδωρος Χωρίκης,Theodoros Chorikis,Μαθηματικών,Πανεπιστήμιο Ιωαννίνων,uoi,Καθηγητής,9969,Theodoros Horikis,9VDoWOEAAAAJ,Unknown,Unknown,Unknown,Unknown,Unknown,1
Εμμανουήλ Ψαράκης,Emmanouil Psarakis,Μηχανικών Ηλεκτρονικών Υπολογιστών και Πληροφορικής,Πανεπιστήμιο Πατρών,upatras,Αναπληρωτής Καθηγητής,1032,Emmanouil Psarakis,gqDlpycAAAAJ,Unknown,Unknown,Unknown,Unknown,Unknown,1
Ιωάννης Ψαρράς,Ioannis Psarras,Ηλεκτρολόγων Μηχανικών & Μηχανικών Υπολογιστών,ΕΜΠ,ntua,Καθηγητής,17431,John Psarras,AMoT_2wAAAAJ,Unknown,Unknown,Unknown,Unknown,Unknown,1
Κων/νος Ψυχαλίνος ,Kon/nos Psychalinos ,Φυσικής,Πανεπιστήμιο Πατρών,upatras,Καθηγητής,18360,Costas Psychalinos,05wUSN4AAAAJ,Unknown,Unknown,Unknown,Unknown,Unknown,1
